system:index,n_obs,region,vh_mean_db,vh_median_db,vh_p90_db,vv_mean_db,vv_median_db,vv_p90_db,vv_vh_ratio_mean_db,vv_vh_ratio_mean_lin,week_start,.geo
0,0,geometry,,,,,,,,,2015-03-23,"{""type"":""MultiPoint"",""coordinates"":[]}"
1,0,geometry,,,,,,,,,2015-03-30,"{""type"":""MultiPoint"",""coordinates"":[]}"
2,0,geometry,,,,,,,,,2015-04-06,"{""type"":""MultiPoint"",""coordinates"":[]}"
3,1,geometry,-18.759283202624705,-20.381400257683943,-10.631806797510217,-10.279492300382302,-11.122673279233137,-3.8749616097406716,8.479790902242371,9.711896067525677,2015-04-13,"{""type"":""MultiPoint"",""coordinates"":[]}"
4,0,geometry,,,,,,,,,2015-04-20,"{""type"":""MultiPoint"",""coordinates"":[]}"
5,0,geometry,,,,,,,,,2015-04-27,"{""type"":""MultiPoint"",""coordinates"":[]}"
6,1,geometry,-18.216107083693302,-19.619070508850932,-10.370280322818449,-9.698574347387222,-10.87674188890881,-2.1280738680041584,8.517532736305977,10.524217367546502,2015-05-04,"{""type"":""MultiPoint"",""coordinates"":[]}"
7,0,geometry,,,,,,,,,2015-05-11,"{""type"":""MultiPoint"",""coordinates"":[]}"
8,0,geometry,,,,,,,,,2015-05-18,"{""type"":""MultiPoint"",""coordinates"":[]}"
9,0,geometry,,,,,,,,,2015-05-25,"{""type"":""MultiPoint"",""coordinates"":[]}"
10,0,geometry,,,,,,,,,2015-06-01,"{""type"":""MultiPoint"",""coordinates"":[]}"
11,0,geometry,,,,,,,,,2015-06-08,"{""type"":""MultiPoint"",""coordinates"":[]}"
12,0,geometry,,,,,,,,,2015-06-15,"{""type"":""MultiPoint"",""coordinates"":[]}"
13,0,geometry,,,,,,,,,2015-06-22,"{""type"":""MultiPoint"",""coordinates"":[]}"
14,0,geometry,,,,,,,,,2015-06-29,"{""type"":""MultiPoint"",""coordinates"":[]}"
15,0,geometry,,,,,,,,,2015-07-06,"{""type"":""MultiPoint"",""coordinates"":[]}"
16,0,geometry,,,,,,,,,2015-07-13,"{""type"":""MultiPoint"",""coordinates"":[]}"
17,0,geometry,,,,,,,,,2015-07-20,"{""type"":""MultiPoint"",""coordinates"":[]}"
18,0,geometry,,,,,,,,,2015-07-27,"{""type"":""MultiPoint"",""coordinates"":[]}"
19,0,geometry,,,,,,,,,2015-08-03,"{""type"":""MultiPoint"",""coordinates"":[]}"
20,0,geometry,,,,,,,,,2015-08-10,"{""type"":""MultiPoint"",""coordinates"":[]}"
21,0,geometry,,,,,,,,,2015-08-17,"{""type"":""MultiPoint"",""coordinates"":[]}"
22,0,geometry,,,,,,,,,2015-08-24,"{""type"":""MultiPoint"",""coordinates"":[]}"
23,0,geometry,,,,,,,,,2015-08-31,"{""type"":""MultiPoint"",""coordinates"":[]}"
24,0,geometry,,,,,,,,,2015-09-07,"{""type"":""MultiPoint"",""coordinates"":[]}"
25,0,geometry,,,,,,,,,2015-09-14,"{""type"":""MultiPoint"",""coordinates"":[]}"
26,0,geometry,,,,,,,,,2015-09-21,"{""type"":""MultiPoint"",""coordinates"":[]}"
27,0,geometry,,,,,,,,,2015-09-28,"{""type"":""MultiPoint"",""coordinates"":[]}"
28,0,geometry,,,,,,,,,2015-10-05,"{""type"":""MultiPoint"",""coordinates"":[]}"
29,0,geometry,,,,,,,,,2015-10-12,"{""type"":""MultiPoint"",""coordinates"":[]}"
30,0,geometry,,,,,,,,,2015-10-19,"{""type"":""MultiPoint"",""coordinates"":[]}"
31,0,geometry,,,,,,,,,2015-10-26,"{""type"":""MultiPoint"",""coordinates"":[]}"
32,1,geometry,-18.835485666742628,-19.63248159689072,-10.377689787368968,-9.905916862679067,-10.629069575610162,-2.1329127857299066,8.929568804063633,13.565966974005308,2015-11-02,"{""type"":""MultiPoint"",""coordinates"":[]}"
33,0,geometry,,,,,,,,,2015-11-09,"{""type"":""MultiPoint"",""coordinates"":[]}"
34,0,geometry,,,,,,,,,2015-11-16,"{""type"":""MultiPoint"",""coordinates"":[]}"
35,0,geometry,,,,,,,,,2015-11-23,"{""type"":""MultiPoint"",""coordinates"":[]}"
36,0,geometry,,,,,,,,,2015-11-30,"{""type"":""MultiPoint"",""coordinates"":[]}"
37,0,geometry,,,,,,,,,2015-12-07,"{""type"":""MultiPoint"",""coordinates"":[]}"
38,0,geometry,,,,,,,,,2015-12-14,"{""type"":""MultiPoint"",""coordinates"":[]}"
39,0,geometry,,,,,,,,,2015-12-21,"{""type"":""MultiPoint"",""coordinates"":[]}"
40,0,geometry,,,,,,,,,2015-12-28,"{""type"":""MultiPoint"",""coordinates"":[]}"
41,0,geometry,,,,,,,,,2016-01-04,"{""type"":""MultiPoint"",""coordinates"":[]}"
42,0,geometry,,,,,,,,,2016-01-11,"{""type"":""MultiPoint"",""coordinates"":[]}"
43,0,geometry,,,,,,,,,2016-01-18,"{""type"":""MultiPoint"",""coordinates"":[]}"
44,0,geometry,,,,,,,,,2016-01-25,"{""type"":""MultiPoint"",""coordinates"":[]}"
45,0,geometry,,,,,,,,,2016-02-01,"{""type"":""MultiPoint"",""coordinates"":[]}"
46,0,geometry,,,,,,,,,2016-02-08,"{""type"":""MultiPoint"",""coordinates"":[]}"
47,1,geometry,-18.728463364904968,-19.3757512807537,-10.868958658894368,-10.13385229473083,-10.877069119451606,-2.6171275883372065,8.59461107017439,12.034428351341258,2016-02-15,"{""type"":""MultiPoint"",""coordinates"":[]}"
48,0,geometry,,,,,,,,,2016-02-22,"{""type"":""MultiPoint"",""coordinates"":[]}"
49,0,geometry,,,,,,,,,2016-02-29,"{""type"":""MultiPoint"",""coordinates"":[]}"
50,0,geometry,,,,,,,,,2016-03-07,"{""type"":""MultiPoint"",""coordinates"":[]}"
51,0,geometry,,,,,,,,,2016-03-14,"{""type"":""MultiPoint"",""coordinates"":[]}"
52,0,geometry,,,,,,,,,2016-03-21,"{""type"":""MultiPoint"",""coordinates"":[]}"
53,0,geometry,,,,,,,,,2016-03-28,"{""type"":""MultiPoint"",""coordinates"":[]}"
54,0,geometry,,,,,,,,,2016-04-04,"{""type"":""MultiPoint"",""coordinates"":[]}"
55,0,geometry,,,,,,,,,2016-04-11,"{""type"":""MultiPoint"",""coordinates"":[]}"
56,0,geometry,,,,,,,,,2016-04-18,"{""type"":""MultiPoint"",""coordinates"":[]}"
57,0,geometry,,,,,,,,,2016-04-25,"{""type"":""MultiPoint"",""coordinates"":[]}"
58,0,geometry,,,,,,,,,2016-05-02,"{""type"":""MultiPoint"",""coordinates"":[]}"
59,0,geometry,,,,,,,,,2016-05-09,"{""type"":""MultiPoint"",""coordinates"":[]}"
60,0,geometry,,,,,,,,,2016-05-16,"{""type"":""MultiPoint"",""coordinates"":[]}"
61,0,geometry,,,,,,,,,2016-05-23,"{""type"":""MultiPoint"",""coordinates"":[]}"
62,1,geometry,-18.448258874924154,-18.623126323405035,-10.123026035902585,-10.011635239492751,-10.62497876279386,-1.8765302677927798,8.436623635431411,11.916593753634604,2016-05-30,"{""type"":""MultiPoint"",""coordinates"":[]}"
63,0,geometry,,,,,,,,,2016-06-06,"{""type"":""MultiPoint"",""coordinates"":[]}"
64,0,geometry,,,,,,,,,2016-06-13,"{""type"":""MultiPoint"",""coordinates"":[]}"
65,0,geometry,,,,,,,,,2016-06-20,"{""type"":""MultiPoint"",""coordinates"":[]}"
66,0,geometry,,,,,,,,,2016-06-27,"{""type"":""MultiPoint"",""coordinates"":[]}"
67,0,geometry,,,,,,,,,2016-07-04,"{""type"":""MultiPoint"",""coordinates"":[]}"
68,0,geometry,,,,,,,,,2016-07-11,"{""type"":""MultiPoint"",""coordinates"":[]}"
69,0,geometry,,,,,,,,,2016-07-18,"{""type"":""MultiPoint"",""coordinates"":[]}"
70,0,geometry,,,,,,,,,2016-07-25,"{""type"":""MultiPoint"",""coordinates"":[]}"
71,0,geometry,,,,,,,,,2016-08-01,"{""type"":""MultiPoint"",""coordinates"":[]}"
72,0,geometry,,,,,,,,,2016-08-08,"{""type"":""MultiPoint"",""coordinates"":[]}"
73,0,geometry,,,,,,,,,2016-08-15,"{""type"":""MultiPoint"",""coordinates"":[]}"
74,1,geometry,-17.939381706272567,-18.12199082855634,-9.86995961525781,-9.782116980725737,-10.62451068084073,-2.121877136429295,8.157264725546947,10.376933063821555,2016-08-22,"{""type"":""MultiPoint"",""coordinates"":[]}"
75,0,geometry,,,,,,,,,2016-08-29,"{""type"":""MultiPoint"",""coordinates"":[]}"
76,0,geometry,,,,,,,,,2016-09-05,"{""type"":""MultiPoint"",""coordinates"":[]}"
77,0,geometry,,,,,,,,,2016-09-12,"{""type"":""MultiPoint"",""coordinates"":[]}"
78,0,geometry,,,,,,,,,2016-09-19,"{""type"":""MultiPoint"",""coordinates"":[]}"
79,0,geometry,,,,,,,,,2016-09-26,"{""type"":""MultiPoint"",""coordinates"":[]}"
80,0,geometry,,,,,,,,,2016-10-03,"{""type"":""MultiPoint"",""coordinates"":[]}"
81,0,geometry,,,,,,,,,2016-10-10,"{""type"":""MultiPoint"",""coordinates"":[]}"
82,0,geometry,,,,,,,,,2016-10-17,"{""type"":""MultiPoint"",""coordinates"":[]}"
83,0,geometry,,,,,,,,,2016-10-24,"{""type"":""MultiPoint"",""coordinates"":[]}"
84,0,geometry,,,,,,,,,2016-10-31,"{""type"":""MultiPoint"",""coordinates"":[]}"
85,0,geometry,,,,,,,,,2016-11-07,"{""type"":""MultiPoint"",""coordinates"":[]}"
86,2,geometry,-18.10097740979875,-18.371694945677643,-9.873673362064162,-10.178591647897997,-10.621397418173528,-2.1247883419346714,7.922385761900693,9.71606741007181,2016-11-14,"{""type"":""MultiPoint"",""coordinates"":[]}"
87,0,geometry,,,,,,,,,2016-11-21,"{""type"":""MultiPoint"",""coordinates"":[]}"
88,2,geometry,-18.297059308128926,-18.37038348765977,-9.87904684589176,-10.326694472574372,-10.875685164827791,-2.126569113100351,7.97036483555475,10.456043413863123,2016-11-28,"{""type"":""MultiPoint"",""coordinates"":[]}"
89,0,geometry,,,,,,,,,2016-12-05,"{""type"":""MultiPoint"",""coordinates"":[]}"
90,0,geometry,,,,,,,,,2016-12-12,"{""type"":""MultiPoint"",""coordinates"":[]}"
91,0,geometry,,,,,,,,,2016-12-19,"{""type"":""MultiPoint"",""coordinates"":[]}"
92,2,geometry,-18.172304257311342,-18.386056390050207,-9.86894751684275,-10.187405810561591,-10.87355670480498,-2.1292962100802195,7.98489844674985,10.693352058524583,2016-12-26,"{""type"":""MultiPoint"",""coordinates"":[]}"
93,0,geometry,,,,,,,,,2017-01-02,"{""type"":""MultiPoint"",""coordinates"":[]}"
94,0,geometry,,,,,,,,,2017-01-09,"{""type"":""MultiPoint"",""coordinates"":[]}"
95,2,geometry,-18.2686115945724,-18.616159950209603,-9.873213610881242,-10.419701648700933,-11.134718132424661,-2.129177088867877,7.8489099458713225,10.132696295030138,2017-01-16,"{""type"":""MultiPoint"",""coordinates"":[]}"
96,0,geometry,,,,,,,,,2017-01-23,"{""type"":""MultiPoint"",""coordinates"":[]}"
97,0,geometry,,,,,,,,,2017-01-30,"{""type"":""MultiPoint"",""coordinates"":[]}"
98,2,geometry,-18.335511993800477,-18.631756241827738,-9.871105579720512,-10.169737048213339,-10.868269150960872,-2.1329900597041123,8.165774945587032,11.144411582846637,2017-02-06,"{""type"":""MultiPoint"",""coordinates"":[]}"
99,0,geometry,,,,,,,,,2017-02-13,"{""type"":""MultiPoint"",""coordinates"":[]}"
100,2,geometry,-18.24519634854354,-18.630632967016144,-9.873680066167138,-10.035537752101966,-10.885005668132166,-1.8857842757597183,8.209658596441605,11.106290938966541,2017-02-20,"{""type"":""MultiPoint"",""coordinates"":[]}"
101,1,geometry,-17.787086939372298,-17.872028660995667,-9.377704966705457,-9.311149100411615,-9.873433204713786,-2.6269479848612862,8.47593783896076,12.533185732372448,2017-02-27,"{""type"":""MultiPoint"",""coordinates"":[]}"
102,3,geometry,-18.297860187338497,-18.128349095054592,-10.375523841493148,-10.028242834142691,-10.435169422021527,-3.561768717921314,8.269617353195697,8.811086950658842,2017-03-06,"{""type"":""MultiPoint"",""coordinates"":[]}"
103,0,geometry,,,,,,,,,2017-03-13,"{""type"":""MultiPoint"",""coordinates"":[]}"
104,2,geometry,-18.259194781737758,-17.874245872215354,-10.382624756465672,-10.122029852427488,-10.436268902793124,-3.561358187616663,8.137164929310396,8.478626167564446,2017-03-20,"{""type"":""MultiPoint"",""coordinates"":[]}"
105,1,geometry,-17.98216956510533,-18.37622579285483,-9.375188557037207,-10.24704989060891,-10.883230274930343,-1.8720467671863261,7.735119674496271,9.724000887243124,2017-03-27,"{""type"":""MultiPoint"",""coordinates"":[]}"
106,1,geometry,-18.413219167171803,-18.253321692813593,-9.248319342576911,-10.668517125724025,-11.12733595520286,-3.3716117614713794,7.744702041447522,12.334296595032724,2017-04-03,"{""type"":""MultiPoint"",""coordinates"":[]}"
107,2,geometry,-17.982522608551353,-17.627772528970844,-9.876563868757056,-10.368515009071832,-10.437720266604039,-3.5599136283590105,7.614007599479659,7.270298425072096,2017-04-10,"{""type"":""MultiPoint"",""coordinates"":[]}"
108,0,geometry,,,,,,,,,2017-04-17,"{""type"":""MultiPoint"",""coordinates"":[]}"
109,2,geometry,-18.221047349408053,-17.61934175133758,-10.381332160492402,-10.399789161763417,-10.563399364859865,-3.6966585633969165,7.8212581876446725,7.768404457050388,2017-04-24,"{""type"":""MultiPoint"",""coordinates"":[]}"
110,1,geometry,-17.780741500340774,-17.878016340502096,-9.127315384213125,-10.036840974005571,-10.629036402111975,-1.8783493933580453,7.743900526335447,9.551581806694182,2017-05-01,"{""type"":""MultiPoint"",""coordinates"":[]}"
111,1,geometry,-18.274172308731117,-18.122527261097808,-9.12880605816381,-10.589616145628746,-11.122758072354314,-3.122978856065545,7.684556163102439,11.607724168195771,2017-05-08,"{""type"":""MultiPoint"",""coordinates"":[]}"
112,1,geometry,-17.828557770263064,-17.873556544398404,-9.377282431154974,-10.050341604850459,-10.6218961154143,-1.8762323446316052,7.778216165412347,10.151672202043157,2017-05-15,"{""type"":""MultiPoint"",""coordinates"":[]}"
113,1,geometry,-18.33316990803777,-18.120573481058425,-9.122008307355365,-10.546480635496117,-10.879074443972806,-3.1240221712625496,7.786689272541574,13.352072813080888,2017-05-22,"{""type"":""MultiPoint"",""coordinates"":[]}"
114,2,geometry,-17.954845269976836,-17.369428350478533,-9.873811883111546,-10.005535044770449,-10.127321000689117,-3.3779103151600394,7.949310225206496,8.014172914527036,2017-05-29,"{""type"":""MultiPoint"",""coordinates"":[]}"
115,0,geometry,,,,,,,,,2017-06-05,"{""type"":""MultiPoint"",""coordinates"":[]}"
116,2,geometry,-17.67371417230987,-16.879054440756693,-9.617431182877331,-9.989212584951414,-9.875235920845803,-3.124048525641395,7.68450158735863,7.540850341187547,2017-06-12,"{""type"":""MultiPoint"",""coordinates"":[]}"
117,1,geometry,-17.50046933846922,-17.62006266259467,-9.128345014377372,-9.742814002281827,-10.128070566535499,-1.6161627475505371,7.757655336187336,9.734331433366206,2017-06-19,"{""type"":""MultiPoint"",""coordinates"":[]}"
118,1,geometry,-18.0380561375262,-17.626070661396373,-8.87851102543101,-10.375188676838604,-10.629453782640223,-3.1257520062850075,7.662867460687664,11.471569091934292,2017-06-26,"{""type"":""MultiPoint"",""coordinates"":[]}"
119,2,geometry,-17.56869800134495,-16.86954182000834,-9.624317937813997,-9.879558371298941,-9.622733904329188,-3.131267880804348,7.689139630045968,7.414493620426909,2017-07-03,"{""type"":""MultiPoint"",""coordinates"":[]}"
120,0,geometry,,,,,,,,,2017-07-10,"{""type"":""MultiPoint"",""coordinates"":[]}"
121,2,geometry,-17.49377402293561,-16.87327930626645,-9.630660112359717,-9.896466768581618,-9.622202368678282,-3.1203013772412667,7.59730725435404,7.304900709289893,2017-07-17,"{""type"":""MultiPoint"",""coordinates"":[]}"
122,1,geometry,-17.359271705357266,-17.36995632160009,-9.128092471139416,-9.540334447045721,-9.87995804265693,-1.6281386665591204,7.818937258311558,10.209797750133035,2017-07-24,"{""type"":""MultiPoint"",""coordinates"":[]}"
123,1,geometry,-17.759895015485746,-17.620055780367355,-8.619499463793577,-10.133090538543433,-10.374032602236728,-2.6249091387993646,7.626804476942215,10.751508619523403,2017-07-31,"{""type"":""MultiPoint"",""coordinates"":[]}"
124,1,geometry,-17.35697901618902,-17.373356785890707,-9.132861370733114,-9.474327729787406,-9.872442074822898,-1.6399160470682803,7.882651286401546,10.291608089183546,2017-08-07,"{""type"":""MultiPoint"",""coordinates"":[]}"
125,1,geometry,-17.753959410335053,-17.63071721460374,-8.376853372966796,-10.212258781759806,-10.626541929160714,-2.87841669019611,7.541700628575254,11.140190817227326,2017-08-14,"{""type"":""MultiPoint"",""coordinates"":[]}"
126,2,geometry,-17.604643989381483,-16.874580197998732,-9.873511074434225,-9.874457180192634,-9.683098654835746,-3.1898477731665342,7.730186809188733,7.569131628490148,2017-08-21,"{""type"":""MultiPoint"",""coordinates"":[]}"
127,0,geometry,,,,,,,,,2017-08-28,"{""type"":""MultiPoint"",""coordinates"":[]}"
128,2,geometry,-17.551860977622795,-16.875767146893956,-9.87552574732695,-9.947654298699604,-9.882407714849627,-3.376939838236895,7.6042066789232665,7.349623192991937,2017-09-04,"{""type"":""MultiPoint"",""coordinates"":[]}"
129,1,geometry,-17.34302178892268,-17.375172690101223,-9.124251706036906,-9.48344020790318,-9.875442454672417,-1.6338685783509237,7.859581581019383,10.198361894883494,2017-09-11,"{""type"":""MultiPoint"",""coordinates"":[]}"
130,1,geometry,-17.893186729839847,-17.8757234409423,-8.619757537147606,-10.153667888500305,-10.370510965963375,-2.877435894227353,7.739518841339333,11.004048811465559,2017-09-18,"{""type"":""MultiPoint"",""coordinates"":[]}"
131,2,geometry,-17.647691638797763,-16.87943869961695,-9.881609686513974,-9.82105421233991,-9.437089879950388,-3.312901351186615,7.826637426457917,7.7986117151029335,2017-09-25,"{""type"":""MultiPoint"",""coordinates"":[]}"
132,0,geometry,,,,,,,,,2017-10-02,"{""type"":""MultiPoint"",""coordinates"":[]}"
133,2,geometry,-17.655072230914453,-16.878860353265168,-10.122366214719348,-9.853744622860189,-9.434249193181811,-3.309785312211076,7.801327608054326,7.670832067953996,2017-10-09,"{""type"":""MultiPoint"",""coordinates"":[]}"
134,1,geometry,-17.260792588918328,-17.374624688824333,-9.126147625343265,-9.65077969914305,-9.86676478974672,-1.6269845124540054,7.6100128897753425,9.870167476075082,2017-10-16,"{""type"":""MultiPoint"",""coordinates"":[]}"
135,1,geometry,-17.914360103218144,-17.367345688629484,-8.870431225168616,-10.268866821171864,-10.373657655293009,-2.8723530073871752,7.645493282046253,11.574208182507054,2017-10-23,"{""type"":""MultiPoint"",""coordinates"":[]}"
136,1,geometry,-17.303947549964846,-17.38361624615523,-9.131743970010858,-9.512863059382074,-9.87320560441988,-1.380015921204646,7.791084490582835,9.852624678147388,2017-10-30,"{""type"":""MultiPoint"",""coordinates"":[]}"
137,1,geometry,-17.925547332404058,-17.61925412367271,-8.875657111903806,-10.311813772597896,-10.61945843481155,-3.12068499705159,7.613733559806228,11.239338475816545,2017-11-06,"{""type"":""MultiPoint"",""coordinates"":[]}"
138,2,geometry,-17.515231912612865,-16.876572072871237,-9.87400807863637,-9.875661065562102,-9.436927569841751,-3.4402386881014344,7.639570847050683,7.476247741385862,2017-11-13,"{""type"":""MultiPoint"",""coordinates"":[]}"
139,0,geometry,,,,,,,,,2017-11-20,"{""type"":""MultiPoint"",""coordinates"":[]}"
140,2,geometry,-17.397629294432278,-16.6287312770546,-9.872474534177936,-9.735801878845654,-9.308485939152082,-3.187918947077789,7.661827415586627,7.377259818227192,2017-11-27,"{""type"":""MultiPoint"",""coordinates"":[]}"
141,1,geometry,-17.290070300947164,-17.12560199660553,-9.124684382032147,-9.60057414180064,-9.875980595409464,-1.6250419185610006,7.689496159146524,9.961628568137511,2017-12-04,"{""type"":""MultiPoint"",""coordinates"":[]}"
142,1,geometry,-17.725671924150703,-17.373570184945372,-8.873589331682624,-10.127069291930473,-10.119192361506865,-2.867634803875616,7.598602632220102,10.486561321272202,2017-12-11,"{""type"":""MultiPoint"",""coordinates"":[]}"
143,2,geometry,-17.524025452649997,-16.622692577019567,-10.124991241072863,-9.787888483829526,-9.123017088525947,-3.379975465777793,7.736136968820583,7.524400230308796,2017-12-18,"{""type"":""MultiPoint"",""coordinates"":[]}"
144,0,geometry,,,,,,,,,2017-12-25,"{""type"":""MultiPoint"",""coordinates"":[]}"
145,2,geometry,-17.400632476137872,-16.61639887545036,-9.881220312501751,-9.76814369752653,-9.377001746605199,-3.3802592714392268,7.63248877861137,7.338506151781649,2018-01-01,"{""type"":""MultiPoint"",""coordinates"":[]}"
146,1,geometry,-17.17687542875134,-17.12998485355131,-9.133627835426116,-9.213316752526625,-9.376816081043,-1.1233988723419166,7.963558676224858,10.800487651285886,2018-01-08,"{""type"":""MultiPoint"",""coordinates"":[]}"
147,1,geometry,-17.605362623646066,-17.121935896248807,-8.628461774373159,-9.949061699077864,-9.873847156470854,-2.621928777686717,7.6563009245681135,12.05803169155665,2018-01-15,"{""type"":""MultiPoint"",""coordinates"":[]}"
148,1,geometry,-17.192680772912727,-17.12806986653621,-9.130665508975365,-9.419796620540625,-9.623370421912012,-1.3752373652866254,7.772884152372194,10.164344808771629,2018-01-22,"{""type"":""MultiPoint"",""coordinates"":[]}"
149,1,geometry,-17.5228810677274,-17.11938668286522,-8.628099708334272,-9.775652915067479,-9.883164443892603,-2.6254772049294144,7.74722815266014,11.09199479303137,2018-01-29,"{""type"":""MultiPoint"",""coordinates"":[]}"
150,2,geometry,-17.421217103551477,-16.62414197320594,-9.863490064148916,-9.61593081569205,-9.183817101226465,-3.3130582068381873,7.80528628785938,7.73858067499692,2018-02-05,"{""type"":""MultiPoint"",""coordinates"":[]}"
151,0,geometry,,,,,,,,,2018-02-12,"{""type"":""MultiPoint"",""coordinates"":[]}"
152,1,geometry,-17.040481342536616,-17.124118266002395,-9.133479360523367,-9.284468163898637,-9.621136910463582,-1.623763181555203,7.756013178637958,10.051018117167178,2018-02-19,"{""type"":""MultiPoint"",""coordinates"":[]}"
153,1,geometry,-17.19462752018355,-17.1340216516618,-9.117959876366465,-9.393924895960973,-9.61912178066141,-1.6230239020861912,7.800702624222547,10.136800108894594,2018-02-26,"{""type"":""MultiPoint"",""coordinates"":[]}"
154,1,geometry,-17.72372771732129,-17.364517800425993,-8.884710751366974,-9.697403663611626,-10.129583937108386,-2.877528257466073,8.026324053709558,12.26291045771483,2018-03-05,"{""type"":""MultiPoint"",""coordinates"":[]}"
155,2,geometry,-17.712957922736567,-16.618051547218805,-9.626700533412563,-9.585294536494656,-9.317630850007125,-3.3169363921707347,8.127663386241888,9.491710638638665,2018-03-12,"{""type"":""MultiPoint"",""coordinates"":[]}"
156,0,geometry,,,,,,,,,2018-03-19,"{""type"":""MultiPoint"",""coordinates"":[]}"
157,2,geometry,-18.0541546379852,-16.867971310560844,-9.875190418839589,-9.449705651212263,-9.127678163811701,-3.119338540558083,8.60444898677296,11.993215290623896,2018-03-26,"{""type"":""MultiPoint"",""coordinates"":[]}"
158,1,geometry,-17.24772666276439,-17.12691859946158,-9.125367917932204,-9.289463398472721,-9.627825456007042,-1.3784829730751784,7.958263264291633,11.412497037237124,2018-04-02,"{""type"":""MultiPoint"",""coordinates"":[]}"
159,1,geometry,-17.474120191777967,-16.873981927468776,-8.376234701155939,-9.694110206204163,-9.875157153478652,-2.6296505973105893,7.780009985573583,16.559683998552924,2018-04-09,"{""type"":""MultiPoint"",""coordinates"":[]}"
160,1,geometry,-17.31425875964241,-17.124261323357217,-9.129500729399966,-9.316844953186111,-9.623413821873152,-1.3842060182267986,7.997413806456367,11.206423398868305,2018-04-16,"{""type"":""MultiPoint"",""coordinates"":[]}"
161,1,geometry,-17.943114011964596,-17.11814413111557,-8.376400144869486,-9.753323657070531,-9.877634406090522,-2.6342251080289913,8.189790354894145,24.125553596002867,2018-04-23,"{""type"":""MultiPoint"",""coordinates"":[]}"
162,2,geometry,-17.540530934446753,-16.36912357248634,-9.632904508462044,-9.536840799061302,-9.189722118136654,-3.187682792006663,8.003690135385513,8.941781895087013,2018-04-30,"{""type"":""MultiPoint"",""coordinates"":[]}"
163,0,geometry,,,,,,,,,2018-05-07,"{""type"":""MultiPoint"",""coordinates"":[]}"
164,2,geometry,-17.59086556127932,-16.36569684177859,-9.633188054316633,-9.573469290601103,-9.186362354524189,-3.1849181766595893,8.017396270678148,8.864995915730711,2018-05-14,"{""type"":""MultiPoint"",""coordinates"":[]}"
165,1,geometry,-17.120108966926843,-16.86398844205305,-8.87634467254224,-9.128565496778943,-9.37048539007892,-1.384392534330621,7.99154347014781,11.046100474496583,2018-05-21,"{""type"":""MultiPoint"",""coordinates"":[]}"
166,1,geometry,-17.831612126138285,-17.119714695593423,-8.371982759267555,-9.930213759675246,-10.115785956978462,-2.6346357898561354,7.901398366462972,18.211078950321735,2018-05-28,"{""type"":""MultiPoint"",""coordinates"":[]}"
167,2,geometry,-17.536438602946056,-16.37680077437206,-9.629237692613424,-9.613550428114081,-9.366975622829901,-3.3768824334956524,7.922888174831925,8.803646598112502,2018-06-04,"{""type"":""MultiPoint"",""coordinates"":[]}"
168,0,geometry,,,,,,,,,2018-06-11,"{""type"":""MultiPoint"",""coordinates"":[]}"
169,1,geometry,-17.137907303856284,-16.877610942305655,-8.882367941669315,-9.264625687943434,-9.630807985878524,-1.3759618081626614,7.87328161591303,10.793640378883456,2018-06-18,"{""type"":""MultiPoint"",""coordinates"":[]}"
170,1,geometry,-17.15911002828163,-16.8768818431611,-8.875341763728095,-9.172329218489516,-9.62456338011891,-1.3807021770267554,7.986780809792174,11.910085993488083,2018-06-25,"{""type"":""MultiPoint"",""coordinates"":[]}"
171,1,geometry,-17.688740938953206,-16.873398368964203,-8.371540749740312,-9.751427035424626,-9.869783325700853,-2.3751637636796823,7.9373139035287,16.84711465824482,2018-07-02,"{""type"":""MultiPoint"",""coordinates"":[]}"
172,1,geometry,-17.20093824926086,-16.872055534934127,-8.633590425022993,-9.145200878471028,-9.626693993455843,-1.1298522147250152,8.055737370789965,11.899182614302523,2018-07-09,"{""type"":""MultiPoint"",""coordinates"":[]}"
173,1,geometry,-18.323302962135667,-17.26158627067347,-8.77318300207378,-9.895810890976804,-10.123411730539127,-2.619565237641657,8.427492071158749,30.586051711937873,2018-07-16,"{""type"":""MultiPoint"",""coordinates"":[]}"
174,2,geometry,-17.430960387783358,-16.12013758191668,-9.626721875183948,-9.469890018415025,-9.133112336486283,-3.1342266092271927,7.961070369368267,8.785574355207022,2018-07-23,"{""type"":""MultiPoint"",""coordinates"":[]}"
175,0,geometry,,,,,,,,,2018-07-30,"{""type"":""MultiPoint"",""coordinates"":[]}"
176,2,geometry,-17.408745232506245,-16.128826330073473,-9.633576372929477,-9.34340098553276,-8.939230107802135,-2.8142340361741582,8.065344246973568,8.839430522497215,2018-08-06,"{""type"":""MultiPoint"",""coordinates"":[]}"
177,1,geometry,-17.367626386475493,-17.123320237953816,-8.877659611453788,-9.365171033274837,-9.622171928131204,-1.3868337807826214,8.002455353200613,12.034559917325199,2018-08-13,"{""type"":""MultiPoint"",""coordinates"":[]}"
178,1,geometry,-18.04637436092328,-17.122643735085106,-8.635922674264947,-10.009474585337113,-10.112847298654989,-2.8774305164074683,8.036899775586317,19.1911167794929,2018-08-20,"{""type"":""MultiPoint"",""coordinates"":[]}"
179,2,geometry,-17.496029248948286,-16.372170293251468,-9.881643111135936,-9.673759730787875,-9.182760996919969,-3.3145568064900157,7.822269518160314,8.366763913970773,2018-08-27,"{""type"":""MultiPoint"",""coordinates"":[]}"
180,0,geometry,,,,,,,,,2018-09-03,"{""type"":""MultiPoint"",""coordinates"":[]}"
181,2,geometry,-17.561193852702274,-16.13363094157623,-9.872908136348643,-9.517808435530437,-9.123516886658605,-3.3733982297633296,8.043385417171853,9.242660985293131,2018-09-10,"{""type"":""MultiPoint"",""coordinates"":[]}"
182,1,geometry,-17.181599047730156,-16.865795439721456,-8.870265241389593,-9.331792621832983,-9.626358855740314,-1.619087796019161,7.849806425897165,12.262257181307332,2018-09-17,"{""type"":""MultiPoint"",""coordinates"":[]}"
183,1,geometry,-17.751928997754035,-16.88503637505569,-8.389626133104295,-9.81204965453913,-9.878305501370127,-2.6279846926326016,7.9398793432149555,17.614281327813178,2018-09-24,"{""type"":""MultiPoint"",""coordinates"":[]}"
184,1,geometry,-17.342562016206536,-17.12192332295031,-8.877055854231068,-9.479918439678407,-9.631008520389553,-1.3736650746198367,7.862643576528091,11.145639260369075,2018-10-01,"{""type"":""MultiPoint"",""coordinates"":[]}"
185,3,geometry,-17.781638654698902,-16.87635698197032,-8.627370915311884,-9.788529380628498,-9.878171585472547,-2.620604552219655,7.993109274070389,10.365656934307143,2018-10-08,"{""type"":""MultiPoint"",""coordinates"":[]}"
186,1,geometry,-17.245652814302847,-16.742474032141388,-8.752535182282681,-9.337591814279032,-9.626870505799697,-1.129089226701303,7.908061000023578,11.38055154475656,2018-10-15,"{""type"":""MultiPoint"",""coordinates"":[]}"
187,0,geometry,,,,,,,,,2018-10-22,"{""type"":""MultiPoint"",""coordinates"":[]}"
188,1,geometry,-17.26489711537388,-16.752272616021543,-8.752840746383011,-9.425901478746992,-9.624921271997202,-1.3758095619983435,7.838995636626841,10.954211496168126,2018-10-29,"{""type"":""MultiPoint"",""coordinates"":[]}"
189,1,geometry,-17.240825977869733,-16.87628363593525,-8.871545751002861,-9.41368536687928,-9.3845273930694,-1.3655059039798152,7.8271406109905985,11.774411297438503,2018-11-05,"{""type"":""MultiPoint"",""coordinates"":[]}"
190,1,geometry,-17.82817522048921,-16.751154553386943,-8.746465407425035,-9.84817413865614,-9.872095789716726,-2.624892976974286,7.980001081833161,19.20211560117932,2018-11-12,"{""type"":""MultiPoint"",""coordinates"":[]}"
191,2,geometry,-17.420311069672827,-16.121956207089635,-9.62363331004739,-9.476234333826417,-9.125002274027466,-3.1278466936398606,7.944076735846475,8.86552214410381,2018-11-19,"{""type"":""MultiPoint"",""coordinates"":[]}"
192,0,geometry,,,,,,,,,2018-11-26,"{""type"":""MultiPoint"",""coordinates"":[]}"
193,2,geometry,-17.44187253098106,-16.123258460044063,-9.621440159204118,-9.451158339440074,-8.811213391716462,-3.0586679331142195,7.990714191540924,8.868166654634713,2018-12-03,"{""type"":""MultiPoint"",""coordinates"":[]}"
194,1,geometry,-17.09366448697711,-16.625626083361407,-8.628931192139706,-9.255155472968609,-9.369974414933116,-1.3700075839242114,7.838509014008722,11.221468467355418,2018-12-10,"{""type"":""MultiPoint"",""coordinates"":[]}"
195,1,geometry,-17.665791522713583,-16.879176148064143,-8.36856597048785,-9.711250746302428,-9.873517267673432,-2.62099589813255,7.954540776410951,17.07763819229721,2018-12-17,"{""type"":""MultiPoint"",""coordinates"":[]}"
196,1,geometry,-17.02548102203834,-16.748059930310703,-8.750733052694345,-9.257040384619444,-9.36907069069355,-1.3732680924043887,7.768440637418694,10.882040450308578,2018-12-24,"{""type"":""MultiPoint"",""coordinates"":[]}"
197,1,geometry,-17.69227207417805,-16.872754801323172,-8.621996054642993,-9.562572019821276,-9.625179136188352,-2.630655581341998,8.12970005435677,17.499282937484097,2018-12-31,"{""type"":""MultiPoint"",""coordinates"":[]}"
198,2,geometry,-17.375160456871903,-16.12748445780379,-9.632823885243734,-9.460390507240922,-8.871200122830706,-3.12913233897967,7.914769949630887,8.596532573091482,2019-01-07,"{""type"":""MultiPoint"",""coordinates"":[]}"
199,0,geometry,,,,,,,,,2019-01-14,"{""type"":""MultiPoint"",""coordinates"":[]}"
200,1,geometry,-17.036475438024127,-16.74837813440183,-8.742040020625607,-9.261012480938467,-9.374801092934609,-1.3750497886293693,7.775462957085752,10.762658406520687,2019-01-21,"{""type"":""MultiPoint"",""coordinates"":[]}"
201,1,geometry,-17.030685028897555,-16.884442272665773,-8.883434352967534,-9.235963358980952,-9.374758267006108,-1.3722041735183426,7.794721669916561,11.804449561660453,2019-01-28,"{""type"":""MultiPoint"",""coordinates"":[]}"
202,1,geometry,-17.739160091778214,-17.125200549005715,-8.625465400408851,-9.570806671505649,-9.627121901408195,-2.3887594850433094,8.168353420272544,15.311846464909184,2019-02-04,"{""type"":""MultiPoint"",""coordinates"":[]}"
203,1,geometry,-16.772285054367774,-16.62851966051611,-8.628621835750453,-9.018836872923355,-9.123964851017607,-1.3705804107371815,7.75344818144445,10.5084371316996,2019-02-11,"{""type"":""MultiPoint"",""coordinates"":[]}"
204,0,geometry,,,,,,,,,2019-02-18,"{""type"":""MultiPoint"",""coordinates"":[]}"
205,2,geometry,-17.314345930440044,-16.125849205980906,-9.632095564001427,-8.806867664184182,-8.435075511066927,-2.811154343664235,8.50747826625588,10.07038767150946,2019-02-25,"{""type"":""MultiPoint"",""coordinates"":[]}"
206,1,geometry,-17.12040786785436,-16.877298292692956,-8.876959918219821,-9.028791196470594,-9.120601696989542,-1.3768501073260404,8.091616671383669,11.302483541789867,2019-03-04,"{""type"":""MultiPoint"",""coordinates"":[]}"
207,1,geometry,-17.802954391151808,-16.860859323167634,-8.370962038792772,-9.397389807646837,-9.625492321438228,-2.1219205906319605,8.40556458350498,26.45277116157205,2019-03-11,"{""type"":""MultiPoint"",""coordinates"":[]}"
208,1,geometry,-17.222802295531718,-16.752831294619803,-8.75266565979076,-9.104155231881748,-9.377417290801,-1.1189822433091317,8.118647063649904,12.008221857606404,2019-03-18,"{""type"":""MultiPoint"",""coordinates"":[]}"
209,1,geometry,-17.873499749526314,-16.626464733532764,-8.379677474706867,-9.393095399695907,-9.627462508637748,-2.362393711077661,8.480404349830513,24.503489695960138,2019-03-25,"{""type"":""MultiPoint"",""coordinates"":[]}"
210,2,geometry,-17.226098981263302,-15.869212020619518,-9.623654512323792,-9.045847113528657,-8.563548195436999,-2.9390663307061904,8.180251867734508,9.330970620523628,2019-04-01,"{""type"":""MultiPoint"",""coordinates"":[]}"
211,0,geometry,,,,,,,,,2019-04-08,"{""type"":""MultiPoint"",""coordinates"":[]}"
212,1,geometry,-17.091369751963978,-16.870108772013836,-8.868061865324806,-8.6969899139243,-8.864471487716646,-0.8737318052384295,8.394379838039677,12.586922636952,2019-04-15,"{""type"":""MultiPoint"",""coordinates"":[]}"
213,1,geometry,-16.728885455388646,-16.619398296695564,-8.618272299407503,-8.577011146840713,-8.870100862233619,-0.8764407404190363,8.151874308548086,11.337756085861221,2019-04-22,"{""type"":""MultiPoint"",""coordinates"":[]}"
214,1,geometry,-17.48598441185942,-16.621523093682253,-8.374610658288484,-9.157598214224086,-9.371958554709042,-2.3724582448956153,8.328386197635306,20.87572815630616,2019-04-29,"{""type"":""MultiPoint"",""coordinates"":[]}"
215,2,geometry,-17.203550249268186,-15.87591499283466,-9.628473753735724,-8.974841146069167,-8.564748152936298,-3.0617204655391266,8.22870910319904,9.545889654391559,2019-05-06,"{""type"":""MultiPoint"",""coordinates"":[]}"
216,0,geometry,,,,,,,,,2019-05-13,"{""type"":""MultiPoint"",""coordinates"":[]}"
217,2,geometry,-17.29725879786154,-16.12877826104661,-9.62582738423764,-9.0402956143126,-8.564050094518025,-3.0617743437819516,8.256963183549065,9.525526571329586,2019-05-20,"{""type"":""MultiPoint"",""coordinates"":[]}"
218,1,geometry,-17.02514992122098,-16.871021171348715,-8.876088945212684,-8.68275799388042,-9.125780439809851,-1.127994293455863,8.342391927340563,12.530456650048507,2019-05-27,"{""type"":""MultiPoint"",""coordinates"":[]}"
219,1,geometry,-17.21455957187702,-16.626685790467217,-8.123612333083608,-8.969785539190898,-9.377608982771912,-1.878806161252427,8.244774032686001,16.136441251536827,2019-06-03,"{""type"":""MultiPoint"",""coordinates"":[]}"
220,1,geometry,-17.115248232124994,-16.875707629302408,-8.867852943501353,-8.764633667699803,-9.123725779742596,-1.119616125276709,8.350614564425317,12.407348453615642,2019-06-10,"{""type"":""MultiPoint"",""coordinates"":[]}"
221,0,geometry,,,,,,,,,2019-06-17,"{""type"":""MultiPoint"",""coordinates"":[]}"
222,2,geometry,-17.201001479385003,-15.873918227756525,-9.621986482587468,-9.048260641325573,-8.567740911329212,-2.9384564527728423,8.152740838059431,9.38450603342534,2019-06-24,"{""type"":""MultiPoint"",""coordinates"":[]}"
223,0,geometry,,,,,,,,,2019-07-01,"{""type"":""MultiPoint"",""coordinates"":[]}"
224,2,geometry,-16.696646756466272,-15.628151713480554,-9.625033562579286,-9.075010605195647,-8.566530219324031,-2.9331190692817857,7.6216361512708435,7.580167944395658,2019-07-08,"{""type"":""MultiPoint"",""coordinates"":[]}"
225,1,geometry,-17.193867661990687,-16.874938320242613,-8.886956650543702,-9.017508182826223,-9.127201331266699,-1.1240388853446879,8.176359479164528,12.147145114434622,2019-07-15,"{""type"":""MultiPoint"",""coordinates"":[]}"
226,1,geometry,-17.979907772543683,-16.635269335995126,-8.37313333589886,-9.490225345300301,-9.6210528068529,-2.3690847543452964,8.489682427243304,25.300798200434453,2019-07-22,"{""type"":""MultiPoint"",""coordinates"":[]}"
227,2,geometry,-16.40129247199112,-15.630128885392258,-9.373341833325053,-9.220474839106412,-8.686533454294931,-3.061766615431024,7.180817632884782,6.815889665532463,2019-07-29,"{""type"":""MultiPoint"",""coordinates"":[]}"
228,0,geometry,,,,,,,,,2019-08-05,"{""type"":""MultiPoint"",""coordinates"":[]}"
229,2,geometry,-17.544616856724204,-16.370553729452187,-9.629408509077154,-9.298128731329134,-8.688821271898972,-3.0675265384713923,8.246488125395087,10.365450846830246,2019-08-12,"{""type"":""MultiPoint"",""coordinates"":[]}"
230,1,geometry,-16.976075897980312,-16.62223289721949,-8.87527363539978,-9.054035236683866,-9.378550437816914,-1.132870389637059,7.922040661296345,10.231520304570505,2019-08-19,"{""type"":""MultiPoint"",""coordinates"":[]}"
231,1,geometry,-17.199007032440235,-16.62408786869308,-8.37660798155219,-9.334427845466736,-9.371518276685816,-2.123885369346819,7.864579186973528,12.442557038845177,2019-08-26,"{""type"":""MultiPoint"",""coordinates"":[]}"
232,1,geometry,-16.67983981280267,-16.87408772713037,-8.878285755985328,-9.365253853124912,-9.62047038834718,-1.3800802829540368,7.3145859596777765,9.144779439690367,2019-09-02,"{""type"":""MultiPoint"",""coordinates"":[]}"
233,1,geometry,-17.367234543285974,-16.624561539495552,-8.62873467301777,-9.589175998995747,-9.619796570754321,-2.385622862368896,7.7780585442903725,14.422741198357212,2019-09-09,"{""type"":""MultiPoint"",""coordinates"":[]}"
234,2,geometry,-17.6016796172906,-16.370823662695134,-9.876974204924943,-9.484999972540491,-8.806968095760016,-3.1924341175374265,8.116679644749965,8.995726683980704,2019-09-16,"{""type"":""MultiPoint"",""coordinates"":[]}"
235,0,geometry,,,,,,,,,2019-09-23,"{""type"":""MultiPoint"",""coordinates"":[]}"
236,2,geometry,-17.70319440748586,-16.123898524165185,-9.631362375586463,-9.429067490317331,-8.812766209442097,-3.0613812868636927,8.27412691716851,10.666279369182625,2019-09-30,"{""type"":""MultiPoint"",""coordinates"":[]}"
237,1,geometry,-17.104273744722597,-16.873149266691865,-8.87667517113819,-9.144576632666348,-9.372589490967137,-1.1198661807628136,7.9596971120562205,10.816788572341826,2019-10-07,"{""type"":""MultiPoint"",""coordinates"":[]}"
238,1,geometry,-17.74640705862384,-16.874256927185726,-8.629734356220013,-9.70108654182079,-9.870862288488697,-2.3719727065181035,8.04532051680304,18.294726873582707,2019-10-14,"{""type"":""MultiPoint"",""coordinates"":[]}"
239,2,geometry,-17.79189665109731,-16.126533795299437,-9.877023388588096,-9.519445383460093,-8.93871828561346,-3.1869142135179764,8.272451267637113,10.541852561876766,2019-10-21,"{""type"":""MultiPoint"",""coordinates"":[]}"
240,0,geometry,,,,,,,,,2019-10-28,"{""type"":""MultiPoint"",""coordinates"":[]}"
241,2,geometry,-17.083366492843542,-16.12601022612937,-9.879931295191987,-9.384595588750958,-8.814159683341265,-3.0667041888117614,7.698770904092505,7.863486942891881,2019-11-04,"{""type"":""MultiPoint"",""coordinates"":[]}"
242,1,geometry,-17.835611997789208,-17.12528819913738,-8.880571452161561,-9.282324030329187,-9.380644725995896,-1.1269074481132337,8.553287967460097,17.8036108753643,2019-11-11,"{""type"":""MultiPoint"",""coordinates"":[]}"
243,1,geometry,-17.691365885722846,-16.874495359708096,-8.373409583567922,-9.647527633987073,-9.876050374686399,-2.376122838761031,8.043838251735757,16.803232027207294,2019-11-18,"{""type"":""MultiPoint"",""coordinates"":[]}"
244,1,geometry,-17.186520559092298,-17.129490678778065,-8.877107809260824,-9.323147301318208,-9.371716590094302,-1.127681437274752,7.863373257774149,10.773965610488284,2019-11-25,"{""type"":""MultiPoint"",""coordinates"":[]}"
245,1,geometry,-17.52444859785406,-16.869668651583446,-8.380621003744242,-9.47589789436684,-9.628778773368612,-2.1310369825083626,8.04855070348718,15.612704837075379,2019-12-02,"{""type"":""MultiPoint"",""coordinates"":[]}"
246,2,geometry,-16.907201990796736,-16.128869359535337,-9.873378391018324,-9.121524499547977,-8.617089890784742,-2.878982322023241,7.785677491248874,7.789319789991311,2019-12-09,"{""type"":""MultiPoint"",""coordinates"":[]}"
247,0,geometry,,,,,,,,,2019-12-16,"{""type"":""MultiPoint"",""coordinates"":[]}"
248,2,geometry,-17.203828751265306,-16.127078780399884,-9.876062475700742,-9.339736937883687,-8.806844464650474,-3.0643498299978096,7.864091813381684,8.069804668333855,2019-12-23,"{""type"":""MultiPoint"",""coordinates"":[]}"
249,1,geometry,-14.30224842923332,-14.877434922258875,-8.37574460459251,-8.848576660741198,-9.128281303906565,-1.1237042546269602,5.453671768492103,5.9003991767985156,2019-12-30,"{""type"":""MultiPoint"",""coordinates"":[]}"
250,1,geometry,-17.750292001148882,-16.87262736351962,-8.380848793779137,-9.660110964225874,-9.878420205183348,-2.3635166279451068,8.090181036923003,17.881583658671957,2020-01-06,"{""type"":""MultiPoint"",""coordinates"":[]}"
251,2,geometry,-17.080546101948457,-16.124242800052368,-9.875766879737387,-9.153632472937705,-8.38300893398058,-2.6316966519098157,7.92691362901071,7.6883307093631235,2020-01-13,"{""type"":""MultiPoint"",""coordinates"":[]}"
252,0,geometry,,,,,,,,,2020-01-20,"{""type"":""MultiPoint"",""coordinates"":[]}"
253,2,geometry,-17.298503414309316,-16.128432983518884,-9.879525946290398,-9.391188717831692,-8.6242909876234,-2.872285089023044,7.9073146964776715,7.786655025234938,2020-01-27,"{""type"":""MultiPoint"",""coordinates"":[]}"
254,1,geometry,-15.161163522202884,-15.874600264595271,-8.632074594262324,-9.190696022231297,-9.116830577830735,-0.8654752890532957,5.970467499971648,6.684648093047544,2020-02-03,"{""type"":""MultiPoint"",""coordinates"":[]}"
255,0,geometry,,,,,,,,,2020-02-10,"{""type"":""MultiPoint"",""coordinates"":[]}"
256,1,geometry,-15.723384642224167,-16.13201477060336,-8.365492460466381,-9.020118447118454,-9.118598184634257,-0.8784113624129867,6.703266195105592,7.861401638890698,2020-02-17,"{""type"":""MultiPoint"",""coordinates"":[]}"
257,1,geometry,-17.198551425110487,-16.877750350708794,-8.38265473044033,-9.425993805661088,-9.36706928631053,-2.1279187866065663,7.772557619449418,9.40625880272698,2020-02-24,"{""type"":""MultiPoint"",""coordinates"":[]}"
258,2,geometry,-17.206534532775496,-16.12740640171013,-9.872504820794962,-9.395524514148383,-8.62059568219562,-2.872193631969301,7.8110100186270826,7.654404535704028,2020-03-02,"{""type"":""MultiPoint"",""coordinates"":[]}"
259,0,geometry,,,,,,,,,2020-03-09,"{""type"":""MultiPoint"",""coordinates"":[]}"
260,2,geometry,-16.118291488376723,-15.367152207087212,-9.381820347200437,-9.06723215987156,-8.372135946692175,-2.620844747151301,7.051059328505325,6.222797895658721,2020-03-16,"{""type"":""MultiPoint"",""coordinates"":[]}"
261,1,geometry,-16.45182388820244,-16.375487168676344,-8.622381963444404,-9.063053061886901,-9.129239958097061,-0.6258264964190249,7.388770826315474,9.175949821856378,2020-03-23,"{""type"":""MultiPoint"",""coordinates"":[]}"
262,1,geometry,-17.241897858379502,-16.876939879993003,-8.370698287361279,-9.378875312686542,-9.628034894089764,-1.8828412993441834,7.863022545692986,9.946134958313625,2020-03-30,"{""type"":""MultiPoint"",""coordinates"":[]}"
263,1,geometry,-15.265170132795788,-15.373830539948624,-8.377364911226167,-8.956276794033466,-9.122543241799185,-0.6226823759585288,6.308893338762132,7.325273980842934,2020-04-06,"{""type"":""MultiPoint"",""coordinates"":[]}"
264,0,geometry,,,,,,,,,2020-04-13,"{""type"":""MultiPoint"",""coordinates"":[]}"
265,2,geometry,-16.58628680612745,-15.621698417726076,-9.624205834062009,-9.22238235714269,-8.619476440186974,-2.880577275822767,7.363904448984791,6.714098619745315,2020-04-20,"{""type"":""MultiPoint"",""coordinates"":[]}"
266,1,geometry,-16.44356299308543,-16.378691528442165,-8.872362185327734,-9.124737182316391,-9.378917831101825,-1.1213291803867096,7.31882581076887,8.854408515772993,2020-04-27,"{""type"":""MultiPoint"",""coordinates"":[]}"
267,1,geometry,-16.705273427207196,-16.378498657453477,-8.121797684057118,-9.25647435523911,-9.37754947709133,-1.8714835406384642,7.448799071968029,8.309588541978965,2020-05-04,"{""type"":""MultiPoint"",""coordinates"":[]}"
268,1,geometry,-16.42855698373153,-16.37065994917858,-8.63125137000566,-9.006989983045237,-9.124625355263026,-1.1334340574384865,7.4215670006864345,8.66096807997518,2020-05-11,"{""type"":""MultiPoint"",""coordinates"":[]}"
269,1,geometry,-16.79201513284246,-16.378228166789462,-8.12128272055763,-9.34404880824109,-9.372304644251493,-1.88140184876412,7.447966324601328,8.549161937926554,2020-05-18,"{""type"":""MultiPoint"",""coordinates"":[]}"
270,2,geometry,-16.880000473661177,-15.618733135061127,-9.376252365201033,-9.143077975812986,-8.374671764526902,-2.872932006532774,7.736922497848396,7.41464535014278,2020-05-25,"{""type"":""MultiPoint"",""coordinates"":[]}"
271,0,geometry,,,,,,,,,2020-06-01,"{""type"":""MultiPoint"",""coordinates"":[]}"
272,2,geometry,-17.000976979894872,-15.868961141805691,-9.62002750322193,-9.205963497671114,-8.628968466919634,-2.8772352237858403,7.795013482223819,7.519749951440008,2020-06-08,"{""type"":""MultiPoint"",""coordinates"":[]}"
273,1,geometry,-17.127614518783624,-16.869263498727527,-8.886230162425145,-9.11256722421454,-9.127750345035933,-0.8784974617450996,8.015047294569138,10.528840013712093,2020-06-15,"{""type"":""MultiPoint"",""coordinates"":[]}"
274,1,geometry,-17.081639203421012,-16.378934801897486,-8.132212927742662,-9.471636034380067,-9.367026483168598,-1.8738421666022882,7.610003169041137,8.66645914427696,2020-06-22,"{""type"":""MultiPoint"",""coordinates"":[]}"
275,2,geometry,-16.782371872445033,-15.873013571656102,-9.620063467485213,-9.289005643213848,-8.629125648486413,-2.869820445170284,7.493366229231138,6.9689422628069835,2020-06-29,"{""type"":""MultiPoint"",""coordinates"":[]}"
276,0,geometry,,,,,,,,,2020-07-06,"{""type"":""MultiPoint"",""coordinates"":[]}"
277,2,geometry,-16.80658993970657,-15.874258093534934,-9.378540321583106,-9.164834223847176,-8.629436502543633,-2.8799106122559435,7.64175571585958,7.193980163525621,2020-07-13,"{""type"":""MultiPoint"",""coordinates"":[]}"
278,1,geometry,-16.347482726217912,-16.124377357063455,-8.62957222043481,-8.886498426248886,-9.123554652888162,-0.863713376840203,7.460984299968923,9.052301454488749,2020-07-20,"{""type"":""MultiPoint"",""coordinates"":[]}"
279,1,geometry,-17.13033375228325,-16.630331805016855,-8.126622333706,-9.365501242057352,-9.388051212065474,-1.8719885799455163,7.764832510225825,9.26422006903891,2020-07-27,"{""type"":""MultiPoint"",""coordinates"":[]}"
280,1,geometry,-16.420373780934906,-16.37410236734944,-8.878152544785435,-9.208324485581512,-9.378420736041067,-1.1314115673121121,7.2120492953534,8.685028427898306,2020-08-03,"{""type"":""MultiPoint"",""coordinates"":[]}"
281,1,geometry,-17.187688196634873,-16.622746398923194,-8.131168006055674,-9.451772634979967,-9.62495007075928,-2.121228237126593,7.735915561655019,9.036796209146003,2020-08-10,"{""type"":""MultiPoint"",""coordinates"":[]}"
282,2,geometry,-16.987366138381063,-15.871781603713677,-9.626709182042488,-9.252917431946248,-8.62005896113154,-2.871500640288581,7.734448706434789,7.375300768160683,2020-08-17,"{""type"":""MultiPoint"",""coordinates"":[]}"
283,0,geometry,,,,,,,,,2020-08-24,"{""type"":""MultiPoint"",""coordinates"":[]}"
284,2,geometry,-16.899199229803457,-15.86950378164744,-9.625560281087116,-9.233756960944893,-8.621191896496315,-2.874650784395226,7.665442268858574,7.282057466578383,2020-08-31,"{""type"":""MultiPoint"",""coordinates"":[]}"
285,1,geometry,-16.703093420575154,-16.628460395842254,-8.869906460784433,-9.175878170919615,-9.38315942735236,-0.8708350794063119,7.527215249655761,9.238987452395405,2020-09-07,"{""type"":""MultiPoint"",""coordinates"":[]}"
286,1,geometry,-17.070916112267646,-16.630054471190633,-8.116709736404909,-9.308294224356239,-9.373934873595596,-1.8739444370662919,7.7626218879114495,9.262195340865985,2020-09-14,"{""type"":""MultiPoint"",""coordinates"":[]}"
287,2,geometry,-16.897035160205107,-16.12517466273021,-9.624403930464885,-9.295367832273838,-8.62149361050655,-2.8831273665802395,7.601667327931308,7.1061939063631145,2020-09-21,"{""type"":""MultiPoint"",""coordinates"":[]}"
288,0,geometry,,,,,,,,,2020-09-28,"{""type"":""MultiPoint"",""coordinates"":[]}"
289,2,geometry,-17.009493293843008,-16.127510534915853,-9.88729990646455,-9.297785942205731,-8.620412709810804,-2.8771753320606117,7.711707351637333,7.3157330397000955,2020-10-05,"{""type"":""MultiPoint"",""coordinates"":[]}"
290,1,geometry,-15.872347417454858,-16.123519909900427,-8.625652999571397,-9.124259380509798,-9.12471024344137,-1.1257070067977946,6.748088036945038,7.972836549434628,2020-10-12,"{""type"":""MultiPoint"",""coordinates"":[]}"
291,1,geometry,-17.30276016844573,-16.87264318780053,-8.12042843131627,-9.347834506242254,-9.629161302011909,-1.8800467293691536,7.954925662203471,9.811067970363274,2020-10-19,"{""type"":""MultiPoint"",""coordinates"":[]}"
292,1,geometry,-16.762539831667954,-16.620413694977593,-8.619587863201591,-9.067962670693806,-9.132970892410004,-0.8774457781592845,7.694577160974205,9.763062325052577,2020-10-26,"{""type"":""MultiPoint"",""coordinates"":[]}"
293,1,geometry,-17.06002620220415,-16.87436538075141,-8.12845402686788,-9.450678920635664,-9.625743618823865,-2.1291934551797747,7.6093472815684855,8.750572737395725,2020-11-02,"{""type"":""MultiPoint"",""coordinates"":[]}"
294,2,geometry,-17.10978461453294,-16.127852992063314,-9.867379948346061,-9.362599363710387,-8.62684085391744,-2.8790041439165504,7.747185250822426,7.51822629576492,2020-11-09,"{""type"":""MultiPoint"",""coordinates"":[]}"
295,0,geometry,,,,,,,,,2020-11-16,"{""type"":""MultiPoint"",""coordinates"":[]}"
296,2,geometry,-17.03646486877223,-16.129102746993627,-9.625610647910907,-9.321165904950698,-8.629050969762627,-2.8788219696998527,7.715298963821502,7.325241195389218,2020-11-23,"{""type"":""MultiPoint"",""coordinates"":[]}"
297,1,geometry,-16.88483498941319,-16.874411220194727,-8.624291413569825,-9.182787116475815,-9.37666846120428,-0.8775190268751168,7.702047872937238,10.334666248850347,2020-11-30,"{""type"":""MultiPoint"",""coordinates"":[]}"
298,1,geometry,-17.056018096937716,-16.625986796777088,-8.380634569077586,-9.429891942688021,-9.621056150915054,-1.8767936048121339,7.626126154249742,9.042704124360641,2020-12-07,"{""type"":""MultiPoint"",""coordinates"":[]}"
299,2,geometry,-17.12509328642358,-16.12653242381523,-9.872044245312368,-9.337912651237911,-8.621099083852775,-2.8705268937757866,7.787180635185543,7.458088044958601,2020-12-14,"{""type"":""MultiPoint"",""coordinates"":[]}"
300,0,geometry,,,,,,,,,2020-12-21,"{""type"":""MultiPoint"",""coordinates"":[]}"
301,2,geometry,-17.2200334732432,-16.12232572579666,-9.629945986298962,-9.412014577544198,-8.624759264570972,-2.8711865667023693,7.808018895698895,7.6146197092120484,2020-12-28,"{""type"":""MultiPoint"",""coordinates"":[]}"
302,1,geometry,-16.831338900294586,-16.87790442433632,-8.618130090370444,-9.084315167819682,-9.367413826287375,-0.8814275159451607,7.747023732474957,10.18693594840345,2021-01-04,"{""type"":""MultiPoint"",""coordinates"":[]}"
303,1,geometry,-17.198702172178738,-16.867345618539805,-8.380674993438813,-9.509922474088373,-9.62645863285485,-2.1280702497897517,7.688779698090254,8.98672028084275,2021-01-11,"{""type"":""MultiPoint"",""coordinates"":[]}"
304,1,geometry,-16.726012167906248,-16.876190256940568,-8.876235152577207,-9.242213566989115,-9.373097465711812,-0.8672542671148562,7.483798600917109,9.819304389760408,2021-01-18,"{""type"":""MultiPoint"",""coordinates"":[]}"
305,1,geometry,-17.213905550360256,-16.86888156960573,-8.373878706295352,-9.472163111287678,-9.625020288262025,-2.117350156826147,7.7417424390726,9.056792785178649,2021-01-25,"{""type"":""MultiPoint"",""coordinates"":[]}"
306,2,geometry,-17.21771144236631,-16.12091615212822,-9.878688076950018,-9.422787067648843,-8.617034626348733,-2.878597498112723,7.794924374717489,7.5334343952766085,2021-02-01,"{""type"":""MultiPoint"",""coordinates"":[]}"
307,0,geometry,,,,,,,,,2021-02-08,"{""type"":""MultiPoint"",""coordinates"":[]}"
308,2,geometry,-17.114279525591844,-16.117320568777647,-9.874113720222331,-9.284291148787283,-8.623271544362282,-2.867963228177465,7.82998837680482,7.657871285851839,2021-02-15,"{""type"":""MultiPoint"",""coordinates"":[]}"
309,1,geometry,-16.710377735681966,-16.620454767097893,-8.636413767726953,-9.071899796662724,-9.124815794892289,-0.8728302958692832,7.638477939019289,9.688330791914028,2021-02-22,"{""type"":""MultiPoint"",""coordinates"":[]}"
310,1,geometry,-17.179387302558343,-16.87446166654751,-8.367209240552606,-9.388286554670756,-9.370142835625531,-2.1240362636981085,7.791100747887451,9.51879343023817,2021-03-01,"{""type"":""MultiPoint"",""coordinates"":[]}"
311,2,geometry,-16.51001788421468,-15.628151511195984,-9.618820380244639,-9.327771231048805,-8.62160521065442,-2.874092145749478,7.182246653165857,6.460925100900092,2021-03-08,"{""type"":""MultiPoint"",""coordinates"":[]}"
312,0,geometry,,,,,,,,,2021-03-15,"{""type"":""MultiPoint"",""coordinates"":[]}"
313,2,geometry,-17.058335926839273,-16.131871313279216,-9.61648300783811,-9.274516017659453,-8.624777296921106,-2.8791891873475834,7.7838199091799325,7.494378823965798,2021-03-22,"{""type"":""MultiPoint"",""coordinates"":[]}"
314,1,geometry,-16.336599770327084,-16.37254038845468,-8.62886397889357,-8.930494547994252,-9.127421012870965,-0.8800284173163212,7.406105222332884,9.089122352310296,2021-03-29,"{""type"":""MultiPoint"",""coordinates"":[]}"
315,1,geometry,-17.26029132676347,-16.871297869583664,-8.63163672765661,-9.648093318492307,-9.878839124121791,-2.3692337450858902,7.61219800827135,8.881966902298055,2021-04-05,"{""type"":""MultiPoint"",""coordinates"":[]}"
316,1,geometry,-16.659615449775913,-16.62580012395249,-8.628891658613577,-9.096839749994427,-9.373546237255022,-0.8781188868963448,7.562775699781421,9.757507710858679,2021-04-12,"{""type"":""MultiPoint"",""coordinates"":[]}"
317,1,geometry,-16.99249650077142,-16.617436200175085,-8.12905958066434,-9.295021195506271,-9.378530023771408,-1.8748014138267153,7.697475305265142,9.100916055943948,2021-04-19,"{""type"":""MultiPoint"",""coordinates"":[]}"
318,2,geometry,-16.483923518901566,-15.619703229592197,-9.381575533008553,-9.283485475584044,-8.620702160002981,-2.624674602029908,7.2004380433174004,6.452144918545334,2021-04-26,"{""type"":""MultiPoint"",""coordinates"":[]}"
319,0,geometry,,,,,,,,,2021-05-03,"{""type"":""MultiPoint"",""coordinates"":[]}"
320,2,geometry,-16.97746490723801,-15.87897000432522,-9.628120312205512,-9.27036385084956,-8.626604973052094,-2.6253373858165383,7.707101056388482,7.432561412274025,2021-05-10,"{""type"":""MultiPoint"",""coordinates"":[]}"
321,1,geometry,-16.659303680952096,-16.61805540681733,-8.622495425600409,-9.086317655400906,-9.122794960877501,-0.879039462135748,7.572986025551192,9.405805237780113,2021-05-17,"{""type"":""MultiPoint"",""coordinates"":[]}"
322,1,geometry,-16.85255527708857,-16.368386289868877,-8.128423137604262,-9.3057993249996,-9.381506369466546,-1.6253308919288356,7.546755952088729,8.737398252972655,2021-05-24,"{""type"":""MultiPoint"",""coordinates"":[]}"
323,2,geometry,-17.095740561905345,-16.127807027787355,-9.631332565853315,-9.313889281143135,-8.623221982998793,-2.6266159792111794,7.781851280762295,7.641331907676636,2021-05-31,"{""type"":""MultiPoint"",""coordinates"":[]}"
324,0,geometry,,,,,,,,,2021-06-07,"{""type"":""MultiPoint"",""coordinates"":[]}"
325,2,geometry,-16.936442815651166,-15.876018959349198,-9.625159058594969,-9.302133094135465,-8.620067357443016,-2.6267666085497323,7.634309721515709,7.217520784031252,2021-06-14,"{""type"":""MultiPoint"",""coordinates"":[]}"
326,1,geometry,-14.89158569669655,-15.372896559666298,-8.118187089022834,-7.250132911893697,-8.124876293131276,-0.6252047406202839,7.641452784802782,9.330439846658619,2021-06-21,"{""type"":""MultiPoint"",""coordinates"":[]}"
327,1,geometry,-16.80115999728726,-16.37601933811801,-7.870058884833969,-9.320135147066653,-9.373313154798002,-1.8773772149605343,7.481024850220709,8.409126956394802,2021-06-28,"{""type"":""MultiPoint"",""coordinates"":[]}"
328,1,geometry,-16.67121508462276,-16.62746725840806,-8.632655668038481,-9.019878109587594,-9.126512051081932,-0.8800842911604904,7.651336975035258,10.938441366817468,2021-07-05,"{""type"":""MultiPoint"",""coordinates"":[]}"
329,1,geometry,-16.59081372387158,-16.378765237916607,-7.880355000854519,-9.221209291154999,-9.373293721417944,-1.621083647717541,7.3696044327167085,8.38611522222481,2021-07-12,"{""type"":""MultiPoint"",""coordinates"":[]}"
330,2,geometry,-16.62602251283425,-15.626788770431414,-9.379573438451567,-9.133372115496053,-8.62181390303884,-2.627753696040344,7.492650397338259,6.969971611691964,2021-07-19,"{""type"":""MultiPoint"",""coordinates"":[]}"
331,0,geometry,,,,,,,,,2021-07-26,"{""type"":""MultiPoint"",""coordinates"":[]}"
332,2,geometry,-16.97178464278306,-15.872362455816008,-9.627036711341848,-9.119267967885426,-8.372724233274914,-2.6230647827804607,7.852516674897716,7.757112634905479,2021-08-02,"{""type"":""MultiPoint"",""coordinates"":[]}"
333,1,geometry,-16.039089936451152,-16.375269141491316,-8.371395672542894,-8.96631105417148,-9.130791194979311,-0.8858537621296592,7.072778882279621,9.497861412474343,2021-08-09,"{""type"":""MultiPoint"",""coordinates"":[]}"
334,1,geometry,-16.914348106959423,-16.623773867055093,-8.121449564030568,-9.329566200186187,-9.380264834396558,-1.8771579662148565,7.584781906773132,9.017797153499112,2021-08-16,"{""type"":""MultiPoint"",""coordinates"":[]}"
335,2,geometry,-16.646440183445375,-15.614735592195679,-9.629131737472607,-8.9781085700144,-8.376341261566244,-2.630833123932941,7.668331613431016,7.472714598282818,2021-08-23,"{""type"":""MultiPoint"",""coordinates"":[]}"
336,0,geometry,,,,,,,,,2021-08-30,"{""type"":""MultiPoint"",""coordinates"":[]}"
337,2,geometry,-16.852695916113568,-15.876397933182135,-9.625980432021338,-9.036034431509156,-8.377108236337056,-2.631034276865597,7.8166614846043085,7.790899542282853,2021-09-06,"{""type"":""MultiPoint"",""coordinates"":[]}"
338,1,geometry,-16.42324336954467,-16.37918117935953,-8.37666380684891,-8.631919434025615,-8.87620577425367,-0.6231456255949309,7.791323935519054,12.791564435375845,2021-09-13,"{""type"":""MultiPoint"",""coordinates"":[]}"
339,1,geometry,-16.718978870770133,-16.367310848238542,-8.121757196339138,-9.204987363791265,-9.368095855823217,-1.6240271137391118,7.513991506978823,8.668849467886439,2021-09-20,"{""type"":""MultiPoint"",""coordinates"":[]}"
340,1,geometry,-16.62438393125703,-16.622537439554485,-8.626097218953445,-8.86792203934362,-8.885112310315735,-0.6313047441639461,7.75646189191324,13.299215019203821,2021-09-27,"{""type"":""MultiPoint"",""coordinates"":[]}"
341,4,geometry,-16.761340903586945,-16.121580659425753,-8.876391964579755,-9.041246764742427,-8.878535522400886,-2.125494651090738,7.7200941388445345,7.843570493206465,2021-10-04,"{""type"":""MultiPoint"",""coordinates"":[]}"
342,2,geometry,-16.70071168094413,-15.618080743186317,-9.622214063599552,-8.751433725452985,-8.369510383710427,-2.625196716102807,7.949277955491173,8.049642877147981,2021-10-11,"{""type"":""MultiPoint"",""coordinates"":[]}"
343,0,geometry,,,,,,,,,2021-10-18,"{""type"":""MultiPoint"",""coordinates"":[]}"
344,2,geometry,-16.64212729684778,-15.626473019937455,-9.633557495034447,-8.877228965570353,-8.12705277618071,-2.6233448352379214,7.764898331277319,7.721432940494826,2021-10-25,"{""type"":""MultiPoint"",""coordinates"":[]}"
345,0,geometry,,,,,,,,,2021-11-01,"{""type"":""MultiPoint"",""coordinates"":[]}"
346,1,geometry,-16.800394342883667,-16.377049970897318,-8.118222091010429,-9.161227560467628,-9.12693701998919,-1.8718782151103526,7.6391667824159475,8.942761666979257,2021-11-08,"{""type"":""MultiPoint"",""coordinates"":[]}"
347,2,geometry,-16.78307256813634,-15.87335895922095,-9.624060076439418,-8.92086162312708,-8.372524999253464,-2.622139339020925,7.862210945009143,7.839149774936161,2021-11-15,"{""type"":""MultiPoint"",""coordinates"":[]}"
348,0,geometry,,,,,,,,,2021-11-22,"{""type"":""MultiPoint"",""coordinates"":[]}"
349,2,geometry,-16.174075660711328,-15.372532641794452,-9.630898967013932,-9.014855419060757,-8.377342893287892,-2.631210058559737,7.159220241650614,6.572034793822137,2021-11-29,"{""type"":""MultiPoint"",""coordinates"":[]}"
350,1,geometry,-16.35882980184089,-16.373508910591728,-8.626222738434462,-8.819144571803998,-8.873261274800662,-0.8658445350354194,7.539685230036874,14.945985418294669,2021-12-06,"{""type"":""MultiPoint"",""coordinates"":[]}"
351,1,geometry,-16.782805556320362,-16.377049303474422,-8.378170515895745,-9.057825846576627,-9.127845816429542,-1.8708671227774991,7.724979709743719,9.079298265974828,2021-12-13,"{""type"":""MultiPoint"",""coordinates"":[]}"
352,1,geometry,-16.87527670240387,-16.628129910903944,-8.877381240362892,-8.933342837407054,-8.883525619767022,-0.6278684765423123,7.941933864996887,18.245633893438498,2021-12-20,"{""type"":""MultiPoint"",""coordinates"":[]}"
353,1,geometry,-16.85084235960361,-16.37233213006989,-8.12390423858953,-9.023518990901358,-9.117010115411293,-1.626997059373188,7.827323368702359,9.499680358638408,2021-12-27,"{""type"":""MultiPoint"",""coordinates"":[]}"
354,2,geometry,-16.47512322224704,-15.625388333831646,-9.623499513379024,-8.472248649740036,-7.872415522129692,-2.3763097263644166,8.002874572506961,8.19051809965362,2022-01-03,"{""type"":""MultiPoint"",""coordinates"":[]}"
355,0,geometry,,,,,,,,,2022-01-10,"{""type"":""MultiPoint"",""coordinates"":[]}"
356,2,geometry,-16.62087115130084,-15.873331544805506,-9.618139709546993,-8.369789514709309,-7.877870725620877,-2.372135332701096,8.251081636591609,8.803875201710744,2022-01-17,"{""type"":""MultiPoint"",""coordinates"":[]}"
357,1,geometry,-16.065032472514574,-16.12250513889176,-8.61986722856883,-7.877131802978045,-8.120231991285912,-0.12411346951801702,8.187900669536472,20.3562287286351,2022-01-24,"{""type"":""MultiPoint"",""coordinates"":[]}"
358,1,geometry,-16.810939283777042,-16.37725314357784,-8.12759675386575,-8.724522267930368,-9.126615517464694,-1.6280964564451779,8.086417015846822,10.216037926995561,2022-01-31,"{""type"":""MultiPoint"",""coordinates"":[]}"
359,1,geometry,-16.97949621589411,-16.382875255431685,-8.115569569840337,-8.805346423091773,-9.127757618444438,-1.6332275393530096,8.174149792802302,10.53385836020511,2022-02-07,"{""type"":""MultiPoint"",""coordinates"":[]}"
360,0,geometry,,,,,,,,,2022-02-14,"{""type"":""MultiPoint"",""coordinates"":[]}"
361,1,geometry,-16.668422576121188,-16.379014375869605,-8.37202625832516,-8.818254807273364,-9.128159915999385,-1.8707631351076555,7.850167768847976,9.412286585684615,2022-02-21,"{""type"":""MultiPoint"",""coordinates"":[]}"
362,1,geometry,-14.609706773447904,-14.874556211185782,-8.118240754986722,-7.087325771265772,-7.62534033590212,-0.3757358848536697,7.522381002182064,16.989947197318926,2022-02-28,"{""type"":""MultiPoint"",""coordinates"":[]}"
363,1,geometry,-16.48365464334791,-16.12127126284811,-7.873002972519478,-8.507937483998992,-8.622701308261187,-1.6215304621123745,7.975717159348868,10.126469398767833,2022-03-07,"{""type"":""MultiPoint"",""coordinates"":[]}"
364,1,geometry,-16.327089345865847,-16.368477317996614,-8.878266443008977,-8.250429551382254,-8.628787945417539,-0.8749337956905169,8.07665979448356,17.55191958289041,2022-03-14,"{""type"":""MultiPoint"",""coordinates"":[]}"
365,1,geometry,-16.551482110055254,-16.125446924845217,-8.12992830467674,-8.445012732521484,-8.627736255445969,-1.6350446198602075,8.106469377533694,10.43069957523046,2022-03-21,"{""type"":""MultiPoint"",""coordinates"":[]}"
366,2,geometry,-16.458906076007008,-15.624955719986612,-9.630594290227597,-8.191730232170304,-8.114916046925336,-2.6287510395961577,8.267175843836718,8.902213809384893,2022-03-28,"{""type"":""MultiPoint"",""coordinates"":[]}"
367,0,geometry,,,,,,,,,2022-04-04,"{""type"":""MultiPoint"",""coordinates"":[]}"
368,1,geometry,-15.882211072784822,-15.86701000008007,-8.62567514416571,-7.685362044439845,-8.126827561159256,-0.8779201049662689,8.196849028345055,19.225427476361777,2022-04-11,"{""type"":""MultiPoint"",""coordinates"":[]}"
369,1,geometry,-16.223701645770127,-16.370082810696548,-8.636064148019054,-7.844444383881272,-8.370952227161695,-0.6369099269655649,8.379257261888768,22.41984267744563,2022-04-18,"{""type"":""MultiPoint"",""coordinates"":[]}"
370,1,geometry,-16.26379593844141,-15.879493186259529,-7.871518705938462,-8.324226915145266,-8.625717006237771,-1.629766270486162,7.939569023296183,10.299511355269281,2022-04-25,"{""type"":""MultiPoint"",""coordinates"":[]}"
371,2,geometry,-16.110337159369546,-15.370884037844052,-9.370284909122056,-8.138248368466375,-7.870248742420413,-2.624943497936099,7.972088790903354,8.107941745389105,2022-05-02,"{""type"":""MultiPoint"",""coordinates"":[]}"
372,0,geometry,,,,,,,,,2022-05-09,"{""type"":""MultiPoint"",""coordinates"":[]}"
373,2,geometry,-16.369242477345814,-15.627500592916936,-9.637227112756833,-8.015080462218192,-7.871057902981668,-2.6305330824626374,8.354162015127578,9.127427690726034,2022-05-16,"{""type"":""MultiPoint"",""coordinates"":[]}"
374,1,geometry,-15.802911247723726,-15.878630111343938,-8.37324246704072,-7.678078030852518,-8.122381487274103,-0.6190834342216476,8.124833216871165,19.290011650717343,2022-05-23,"{""type"":""MultiPoint"",""coordinates"":[]}"
375,1,geometry,-15.924179946734428,-15.626440989196025,-7.872118956860959,-7.978592601948316,-8.368919452394096,-1.376281080267777,7.9455873447860474,9.69225808522487,2022-05-30,"{""type"":""MultiPoint"",""coordinates"":[]}"
376,1,geometry,-15.753936689608624,-15.61916691843125,-8.367877009970549,-7.66906956269962,-8.124048157370598,-0.869403367663942,8.084867126908996,19.308651978511552,2022-06-06,"{""type"":""MultiPoint"",""coordinates"":[]}"
377,1,geometry,-15.654166784186186,-15.372564831805283,-7.619678635757215,-8.028842525470415,-8.3723288486073,-1.6434718617107344,7.625324258715718,8.891409202272806,2022-06-13,"{""type"":""MultiPoint"",""coordinates"":[]}"
378,2,geometry,-15.64510131302123,-15.127420790021858,-9.370419335517099,-7.797770500437284,-7.626375738435963,-2.3779489730179906,7.8473308125839205,7.8865994889773745,2022-06-20,"{""type"":""MultiPoint"",""coordinates"":[]}"
379,0,geometry,,,,,,,,,2022-06-27,"{""type"":""MultiPoint"",""coordinates"":[]}"
380,2,geometry,-15.606216111778192,-15.12524579482399,-9.37833678589656,-7.704518676717833,-7.6287309907962175,-2.374887057928619,7.901697435060329,7.911146327643056,2022-07-04,"{""type"":""MultiPoint"",""coordinates"":[]}"
381,1,geometry,-15.578676049411532,-15.6255143264194,-8.380733403522084,-7.622371905295635,-8.12321937730712,-0.8792054344222214,7.956304144115873,20.026123878460243,2022-07-11,"{""type"":""MultiPoint"",""coordinates"":[]}"
382,1,geometry,-15.610978613975718,-15.621587368121487,-7.883557707616564,-8.041021537769577,-8.382040647277018,-1.625398442038794,7.569957076206138,8.63584604394083,2022-07-18,"{""type"":""MultiPoint"",""coordinates"":[]}"
383,2,geometry,-15.561125175452462,-15.127201924045941,-9.374471628535378,-7.827516770803014,-7.622380025220607,-2.6335877785961634,7.733608404649453,7.620046684625754,2022-07-25,"{""type"":""MultiPoint"",""coordinates"":[]}"
384,0,geometry,,,,,,,,,2022-08-01,"{""type"":""MultiPoint"",""coordinates"":[]}"
385,2,geometry,-15.353584151065768,-14.870091962263267,-9.623177614116653,-7.553072892197375,-7.377861892201367,-2.3771308434731995,7.800511258868363,7.6259702515710845,2022-08-08,"{""type"":""MultiPoint"",""coordinates"":[]}"
386,1,geometry,-15.239179443189554,-15.377196226865381,-8.371744847915346,-7.277767502433892,-7.620027320080603,-0.6272156273309418,7.961411940755664,17.137412222007793,2022-08-15,"{""type"":""MultiPoint"",""coordinates"":[]}"
387,0,geometry,,,,,,,,,2022-08-22,"{""type"":""MultiPoint"",""coordinates"":[]}"
388,1,geometry,-15.166088879186082,-15.378017106382131,-8.372953750540228,-7.348912595582833,-7.623139618923488,-0.6200309620502753,7.817176283603309,24.973378943485695,2022-08-29,"{""type"":""MultiPoint"",""coordinates"":[]}"
389,1,geometry,-15.272936188096702,-15.37425117244311,-8.130901445426947,-7.6812798731608405,-7.874395322317411,-1.6192077198961117,7.591656314935905,8.532475440975738,2022-09-05,"{""type"":""MultiPoint"",""coordinates"":[]}"
390,2,geometry,-15.111711355101942,-14.625702172716219,-9.37626722511648,-7.473568214979404,-7.372924292858118,-2.3860488469490453,7.638143140122527,7.353587459978285,2022-09-12,"{""type"":""MultiPoint"",""coordinates"":[]}"
391,0,geometry,,,,,,,,,2022-09-19,"{""type"":""MultiPoint"",""coordinates"":[]}"
392,2,geometry,-15.052843650917778,-14.629740808121884,-9.620044881454723,-7.4061604599657045,-7.37841856576029,-2.6269981667977276,7.646683190952099,7.319883580227795,2022-09-26,"{""type"":""MultiPoint"",""coordinates"":[]}"
393,1,geometry,-15.060747505846987,-15.120317931474332,-8.377227235546876,-7.279823750894419,-7.628270425073604,-0.8743448907627211,7.780923754952627,15.661524172993865,2022-10-03,"{""type"":""MultiPoint"",""coordinates"":[]}"
394,1,geometry,-15.022052632134793,-15.119480670923044,-7.876675291463096,-7.453022292298734,-7.624137055252747,-1.3687162679978402,7.569030339836056,8.53878860510989,2022-10-10,"{""type"":""MultiPoint"",""coordinates"":[]}"
395,1,geometry,-15.25816227986739,-15.369783750586683,-8.128117392835732,-7.66787212355806,-7.873517830757267,-1.6283441423345948,7.590290156309293,8.412826041932574,2022-10-17,"{""type"":""MultiPoint"",""coordinates"":[]}"
396,0,geometry,,,,,,,,,2022-10-24,"{""type"":""MultiPoint"",""coordinates"":[]}"
397,2,geometry,-15.056215371105537,-14.622640625211469,-9.628784606409978,-7.322321771826205,-7.124143362736788,-2.3775957803149312,7.733893599279382,7.400040049010836,2022-10-31,"{""type"":""MultiPoint"",""coordinates"":[]}"
398,1,geometry,-14.913212436057274,-14.876530630949343,-8.620326557463432,-7.170145829601138,-7.3752841451129125,-0.8796382275985463,7.743066606456035,16.99232053502985,2022-11-07,"{""type"":""MultiPoint"",""coordinates"":[]}"
399,1,geometry,-15.131663710940055,-15.128069994889922,-8.126971181709406,-7.610062099431705,-7.624809762740838,-1.6258431210429412,7.5216016115084585,8.22540272766379,2022-11-14,"{""type"":""MultiPoint"",""coordinates"":[]}"
400,1,geometry,-14.618929268960088,-14.624042853022024,-8.126821532540905,-7.041975706121277,-7.366490168703733,-0.6309873240577127,7.576953562838736,15.246957492564368,2022-11-21,"{""type"":""MultiPoint"",""coordinates"":[]}"
401,1,geometry,-15.126113219952003,-15.127314050079018,-8.130958353564969,-7.530008752644218,-7.621892814613474,-1.3666100979530083,7.5961044673079,8.410779913275624,2022-11-28,"{""type"":""MultiPoint"",""coordinates"":[]}"
402,2,geometry,-14.86248760964253,-14.375398300816988,-9.628166407022052,-7.223913312108456,-7.123069834013124,-2.3715150148951323,7.638574297534181,7.317619137980515,2022-12-05,"{""type"":""MultiPoint"",""coordinates"":[]}"
403,0,geometry,,,,,,,,,2022-12-12,"{""type"":""MultiPoint"",""coordinates"":[]}"
404,2,geometry,-14.810727881215902,-14.37225424563719,-9.377520952754903,-7.24505493228357,-7.123643240302488,-2.3742805723768674,7.565672948932384,7.239676598967265,2022-12-19,"{""type"":""MultiPoint"",""coordinates"":[]}"
405,1,geometry,-15.011982572039278,-15.119415927918713,-8.37738533018506,-6.811666333746005,-7.123322734311879,-0.3712019095538296,8.200316238293464,20.680436320661105,2022-12-26,"{""type"":""MultiPoint"",""coordinates"":[]}"
406,1,geometry,-15.067777871660047,-14.878742006194791,-7.879880802324243,-7.3293314249035975,-7.375363974677012,-1.1281573662232534,7.738446446756518,8.887550922462497,2023-01-02,"{""type"":""MultiPoint"",""coordinates"":[]}"
407,2,geometry,-14.69045179368652,-14.126151641556204,-9.3753684965431,-6.985090486480693,-6.875786425100393,-2.1246127363616343,7.705361307205909,7.441739705627391,2023-01-09,"{""type"":""MultiPoint"",""coordinates"":[]}"
408,0,geometry,,,,,,,,,2023-01-16,"{""type"":""MultiPoint"",""coordinates"":[]}"
409,2,geometry,-13.903143882967537,-13.621498692747862,-8.87712645443375,-5.7528150303998755,-5.373968417896045,-1.128640703872908,8.150328852567812,8.292747935345584,2023-01-23,"{""type"":""MultiPoint"",""coordinates"":[]}"
410,1,geometry,-14.293403030817458,-14.375212229287586,-7.877063737902189,-6.612437988763092,-6.878203400756106,-0.12776364697221818,7.680965042054455,17.264957399723382,2023-01-30,"{""type"":""MultiPoint"",""coordinates"":[]}"
411,1,geometry,-14.519438502271795,-14.3803762485111,-7.6193079123511085,-7.097359984398,-7.126307951359399,-0.8778749324374157,7.422078517873958,7.911128731109478,2023-02-06,"{""type"":""MultiPoint"",""coordinates"":[]}"
412,1,geometry,-14.367808453210344,-14.37252409454192,-7.87960975395081,-6.587098731922017,-6.624150352696243,-0.1328855502413784,7.780709721288241,17.835621112791216,2023-02-13,"{""type"":""MultiPoint"",""coordinates"":[]}"
413,1,geometry,-14.61297557141467,-14.375266969427553,-7.8770098670636575,-7.314648956652066,-7.37368515307571,-1.1195596450168215,7.298326614762717,7.587719794523264,2023-02-20,"{""type"":""MultiPoint"",""coordinates"":[]}"
414,2,geometry,-14.45566266658918,-13.875756351659062,-9.373995654880316,-6.8377758582149415,-6.6255562810957285,-2.131880385749101,7.617886808374204,7.2805803575637436,2023-02-27,"{""type"":""MultiPoint"",""coordinates"":[]}"
415,0,geometry,,,,,,,,,2023-03-06,"{""type"":""MultiPoint"",""coordinates"":[]}"
416,2,geometry,-14.197673749867247,-13.627116522759328,-9.127087676102567,-6.794932485229529,-6.627300868578262,-2.1265688174296216,7.402741264637783,6.974841575250025,2023-03-13,"{""type"":""MultiPoint"",""coordinates"":[]}"
417,1,geometry,-14.147666946139365,-14.122039127741042,-7.874043029427895,-6.508720919939542,-6.6246256103936085,-0.3736724917843315,7.638946026199931,25.357207150086225,2023-03-20,"{""type"":""MultiPoint"",""coordinates"":[]}"
418,1,geometry,-14.230153186464598,-14.126987678696011,-7.625838964754694,-6.650175686486115,-6.623705643456936,-0.6296328194072475,7.5799774999784715,8.163390436941045,2023-03-27,"{""type"":""MultiPoint"",""coordinates"":[]}"
419,2,geometry,-14.231926767476951,-13.624157301215112,-9.12007293888007,-6.722128173792862,-6.375705417196073,-2.13350116290287,7.50979859368422,7.144042395973737,2023-04-03,"{""type"":""MultiPoint"",""coordinates"":[]}"
420,0,geometry,,,,,,,,,2023-04-10,"{""type"":""MultiPoint"",""coordinates"":[]}"
421,2,geometry,-14.200677877902391,-13.623000588380938,-9.128949562838207,-6.729382489631208,-6.372385331223215,-2.1314536723771447,7.471295388271225,7.013624871113047,2023-04-17,"{""type"":""MultiPoint"",""coordinates"":[]}"
422,1,geometry,-14.037687266861493,-13.873998415335716,-7.623559458674509,-6.421535328754758,-6.618933556434231,-0.3747491703796444,7.616151938106724,16.8857786812161,2023-04-24,"{""type"":""MultiPoint"",""coordinates"":[]}"
423,1,geometry,-14.076427894857028,-13.625471608098911,-7.382735808529552,-6.71394142904642,-6.623696671829062,-0.8836625331051817,7.362486465810452,7.882604730230046,2023-05-01,"{""type"":""MultiPoint"",""coordinates"":[]}"
424,1,geometry,-13.725225023139638,-13.626088367241247,-7.625820234558033,-6.159457923368169,-6.125882098858449,-0.12947593451442674,7.565767099771503,17.241807682002914,2023-05-08,"{""type"":""MultiPoint"",""coordinates"":[]}"
425,1,geometry,-13.994956916894974,-13.623792121678614,-7.3743791656756565,-6.768934382999262,-6.624359537329625,-0.8674262053190506,7.226022533895781,7.5091073676173865,2023-05-15,"{""type"":""MultiPoint"",""coordinates"":[]}"
426,2,geometry,-13.895478141639504,-13.373473099450566,-8.876693362159942,-6.466741615764103,-6.122872859472141,-1.875609096005813,7.428736525875489,6.963681166286042,2023-05-22,"{""type"":""MultiPoint"",""coordinates"":[]}"
427,0,geometry,,,,,,,,,2023-05-29,"{""type"":""MultiPoint"",""coordinates"":[]}"
428,2,geometry,-13.958887465669982,-13.37047095714131,-8.877248274085796,-6.476565546901944,-6.1278765199601555,-1.8786803302313235,7.482321918768021,7.117187930108214,2023-06-05,"{""type"":""MultiPoint"",""coordinates"":[]}"
429,1,geometry,-13.702647230413518,-13.62505088323537,-7.372582821999633,-6.175396928449211,-6.12658508029887,0.12438284075665557,7.5272503019642585,18.281335407284,2023-06-12,"{""type"":""MultiPoint"",""coordinates"":[]}"
430,1,geometry,-13.875117689709464,-13.624103492216085,-7.3799716655281875,-6.789564378330054,-6.624756774181843,-0.6221081535779686,7.085553311379348,7.103944238845746,2023-06-19,"{""type"":""MultiPoint"",""coordinates"":[]}"
431,2,geometry,-13.733206711276498,-13.125683694203353,-8.628460582799732,-6.429989111773688,-6.123897074616379,-1.628257728252446,7.303217599503007,6.8301299509892885,2023-06-26,"{""type"":""MultiPoint"",""coordinates"":[]}"
432,0,geometry,,,,,,,,,2023-07-03,"{""type"":""MultiPoint"",""coordinates"":[]}"
433,2,geometry,-13.783357839553787,-13.123885120034704,-8.878205414709429,-6.383813976341252,-6.1277066880993045,-1.6293242083884962,7.399543863212454,6.92765719012009,2023-07-10,"{""type"":""MultiPoint"",""coordinates"":[]}"
434,1,geometry,-13.605920859081062,-13.373178006049907,-7.128517750600698,-6.140686868042633,-6.125246625386672,0.12584020593694936,7.4652339910383985,17.092482391176365,2023-07-17,"{""type"":""MultiPoint"",""coordinates"":[]}"
435,1,geometry,-13.700569582339856,-13.373712048826713,-7.138302442145769,-6.581085835568516,-6.618648055820726,-0.3724109029858977,7.1194837467713485,7.175870026246175,2023-07-24,"{""type"":""MultiPoint"",""coordinates"":[]}"
436,1,geometry,-13.720517432103172,-13.372222533474968,-7.3782113999747905,-6.159793843584162,-6.128453602542059,0.12754821306198094,7.560723588518855,17.35839225437443,2023-07-31,"{""type"":""MultiPoint"",""coordinates"":[]}"
437,1,geometry,-13.67793731547418,-13.372905786080755,-7.127079298624529,-6.536777066742857,-6.37720834850875,-0.3851809044996836,7.1411602487313,7.503204277181903,2023-08-07,"{""type"":""MultiPoint"",""coordinates"":[]}"
438,2,geometry,-13.784518340148338,-13.126385601097546,-8.625982998925283,-6.390696414912428,-6.126030509144315,-1.629574101823521,7.393821925236069,7.019602902015502,2023-08-14,"{""type"":""MultiPoint"",""coordinates"":[]}"
439,0,geometry,,,,,,,,,2023-08-21,"{""type"":""MultiPoint"",""coordinates"":[]}"
440,2,geometry,-13.800755161004735,-13.124723663849764,-8.627248658863378,-6.311994504216035,-5.875954174332926,-1.3759916797772327,7.488760656788705,7.303119124437182,2023-08-28,"{""type"":""MultiPoint"",""coordinates"":[]}"
441,1,geometry,-13.513123430045038,-13.258956849108541,-6.742460480378886,-5.934229857327194,-5.876768984130199,0.3700262560161074,7.578893572717884,15.706776677237475,2023-09-04,"{""type"":""MultiPoint"",""coordinates"":[]}"
442,1,geometry,-13.78987639142724,-13.373138903560683,-7.124735614196577,-6.469523965719222,-6.375077266676571,-0.11997746734543405,7.32035242570802,7.860526379179175,2023-09-11,"{""type"":""MultiPoint"",""coordinates"":[]}"
443,2,geometry,-13.61520377136713,-12.87756709035277,-8.377152853824063,-6.135515226847703,-5.8757711261210375,-1.1239921004015099,7.479688544519432,7.032602887861003,2023-09-18,"{""type"":""MultiPoint"",""coordinates"":[]}"
444,0,geometry,,,,,,,,,2023-09-25,"{""type"":""MultiPoint"",""coordinates"":[]}"
445,2,geometry,-13.569604587683806,-13.125767692285995,-8.374553581969945,-6.042668240632125,-5.872975216625517,-1.1279028363991603,7.526936347051572,7.256705979988902,2023-10-02,"{""type"":""MultiPoint"",""coordinates"":[]}"
446,1,geometry,-13.331278584202,-13.372139308101856,-6.6289476995194425,-5.783190584585739,-5.880182942288309,0.6264755767331344,7.5480879996162304,16.856305111045042,2023-10-09,"{""type"":""MultiPoint"",""coordinates"":[]}"
447,1,geometry,-13.665917024163695,-13.251414621874533,-7.249054992937837,-6.336736968381849,-6.377805733710242,0.12447629549062328,7.329180055781962,8.3570346933427,2023-10-16,"{""type"":""MultiPoint"",""coordinates"":[]}"
448,1,geometry,-13.605124488608663,-13.87480950934021,-6.868137722214116,-5.6182149497687615,-5.8734473423083955,0.6227488640334001,7.986909538839861,18.26286896038733,2023-10-23,"{""type"":""MultiPoint"",""coordinates"":[]}"
449,1,geometry,-13.813842320613615,-13.740690802973425,-7.2643552038895125,-6.349086300425001,-6.381786331879855,0.13132381659541964,7.464756020188492,8.169463374449116,2023-10-30,"{""type"":""MultiPoint"",""coordinates"":[]}"
450,2,geometry,-13.556157925654285,-13.1226439336,-8.38198074955247,-6.069108430129219,-5.87366624005232,-1.127934684166352,7.487049495524938,7.046026068174522,2023-11-06,"{""type"":""MultiPoint"",""coordinates"":[]}"
451,0,geometry,,,,,,,,,2023-11-13,"{""type"":""MultiPoint"",""coordinates"":[]}"
452,2,geometry,-13.319922793067846,-12.874891229106852,-8.126413903321692,-5.753482595981449,-5.616966584429978,-0.8788072928125225,7.566440197086489,7.174896575132189,2023-11-20,"{""type"":""MultiPoint"",""coordinates"":[]}"
453,1,geometry,-13.198350794284,-13.374018694399133,-6.369148424089068,-5.630248547578754,-5.869876526359731,0.8731846809054202,7.568102246705168,16.369575501026695,2023-11-27,"{""type"":""MultiPoint"",""coordinates"":[]}"
454,1,geometry,-13.923569949345943,-13.741037935115713,-7.245165221912688,-6.225267970244181,-6.373984241022673,0.36171959784554664,7.698301979101789,8.745621328425843,2023-12-04,"{""type"":""MultiPoint"",""coordinates"":[]}"
455,2,geometry,-13.642267545802877,-13.12626386580623,-8.374462309192587,-6.035716870393167,-5.874319392598552,-0.8765782918038081,7.606550675409692,7.287866347691025,2023-12-11,"{""type"":""MultiPoint"",""coordinates"":[]}"
456,0,geometry,,,,,,,,,2023-12-18,"{""type"":""MultiPoint"",""coordinates"":[]}"
457,2,geometry,-13.477429704879077,-13.123235573830465,-8.379445968548323,-5.88565597226518,-5.872150923876133,-0.8776601713940491,7.591773732613965,7.156507643800569,2023-12-25,"{""type"":""MultiPoint"",""coordinates"":[]}"
458,1,geometry,-13.004655081078273,-13.127151723651602,-6.373999301597506,-5.469199098154473,-5.624037203972215,1.117513573751506,7.535455982923781,16.086186465984166,2024-01-01,"{""type"":""MultiPoint"",""coordinates"":[]}"
459,1,geometry,-13.60032508717755,-13.250122926971454,-6.766776041913603,-6.142070463450084,-6.37489533718682,0.37614256137938934,7.458254623727487,8.198052738347432,2024-01-08,"{""type"":""MultiPoint"",""coordinates"":[]}"
460,1,geometry,-13.084673028223033,-13.118464266071577,-6.377539005982095,-5.442880233175576,-5.620986681109387,0.8631659636899554,7.64179279504746,16.71638114777529,2024-01-15,"{""type"":""MultiPoint"",""coordinates"":[]}"
461,1,geometry,-13.621562922773638,-13.375459357161821,-7.128217716501158,-6.129920392401453,-6.370372959374201,0.619660457256164,7.491642530372131,8.104451144111442,2024-01-22,"{""type"":""MultiPoint"",""coordinates"":[]}"
462,2,geometry,-13.206230915464204,-12.87343632495336,-8.126688525571293,-5.636025939063747,-5.6187483387357435,-0.38321069797146107,7.5702049764005155,7.206691491279395,2024-01-29,"{""type"":""MultiPoint"",""coordinates"":[]}"
463,0,geometry,,,,,,,,,2024-02-05,"{""type"":""MultiPoint"",""coordinates"":[]}"
464,2,geometry,-12.399710996913997,-12.126853406659764,-7.123763160844591,-3.894419294702757,-3.874168629792347,1.6225585413603105,8.50529170221134,9.152628652995004,2024-02-12,"{""type"":""MultiPoint"",""coordinates"":[]}"
465,1,geometry,-13.149452241736153,-13.248656034102522,-6.2611634465055035,-5.423746403321947,-5.6245606737941065,0.8726996751871618,7.725705838414103,17.39769857585781,2024-02-19,"{""type"":""MultiPoint"",""coordinates"":[]}"
466,1,geometry,-13.618705808146546,-13.249862676895651,-6.77534207783219,-6.059026839690799,-6.125489993041178,0.6202975366425806,7.559678968455704,8.286479549133293,2024-02-26,"{""type"":""MultiPoint"",""coordinates"":[]}"
467,2,geometry,-13.037368504693358,-12.628297165871551,-7.87695175641374,-5.150820616611512,-5.126798971277129,0.12921062157779548,7.886547888082013,7.664663637473679,2024-03-04,"{""type"":""MultiPoint"",""coordinates"":[]}"
468,0,geometry,,,,,,,,,2024-03-11,"{""type"":""MultiPoint"",""coordinates"":[]}"
469,2,geometry,-13.289247178856694,-12.878451851494482,-8.115227842820437,-5.629921461135889,-5.376738250034897,-0.6261413717900214,7.659325717720818,7.332185178691828,2024-03-18,"{""type"":""MultiPoint"",""coordinates"":[]}"
470,1,geometry,-12.890447267699239,-13.130170652373767,-6.376137652027734,-5.323057268819953,-5.624367417073448,1.1238164275309668,7.567389998879275,17.338592862937542,2024-03-25,"{""type"":""MultiPoint"",""coordinates"":[]}"
471,1,geometry,-13.490047639127303,-13.26029567293111,-6.7626304891467015,-5.987060565708127,-6.129485927669638,0.6369158634669309,7.502987073419122,8.075333245356559,2024-04-01,"{""type"":""MultiPoint"",""coordinates"":[]}"
472,1,geometry,-12.82535581110722,-12.875224841616467,-6.125159110483187,-5.405397124144361,-5.620270090641857,1.1323970576054119,7.419958686962871,15.594734481068798,2024-04-08,"{""type"":""MultiPoint"",""coordinates"":[]}"
473,1,geometry,-13.511758695356981,-13.378353118639367,-7.124777817511125,-6.093087845446003,-6.372679102137431,0.6212971317999352,7.418670849910956,7.974618379512034,2024-04-15,"{""type"":""MultiPoint"",""coordinates"":[]}"
474,2,geometry,-13.075943528678971,-12.626855542452672,-8.116856656532295,-5.3722083811335954,-5.125577536226144,-0.37668694332072045,7.703735147545294,7.396133706822524,2024-04-22,"{""type"":""MultiPoint"",""coordinates"":[]}"
475,0,geometry,,,,,,,,,2024-04-29,"{""type"":""MultiPoint"",""coordinates"":[]}"
476,2,geometry,-13.010681395894746,-12.631515810840154,-7.874896403315736,-5.362540583593606,-5.1220258155455864,-0.3800248984460924,7.64814081230107,7.279916631128976,2024-05-06,"{""type"":""MultiPoint"",""coordinates"":[]}"
477,1,geometry,-12.640997865981022,-12.871256224252566,-5.876149451684611,-5.061788374351065,-5.128723163764722,1.3776952033145455,7.579209491630051,18.261111930679093,2024-05-13,"{""type"":""MultiPoint"",""coordinates"":[]}"
478,1,geometry,-13.267465071904823,-13.124699751181277,-6.865896378959802,-5.744520356362778,-6.1273546471846965,0.8741483780020672,7.522944715542038,8.311820502876877,2024-05-20,"{""type"":""MultiPoint"",""coordinates"":[]}"
479,2,geometry,-12.925583700808758,-12.627366289489311,-7.8864401489170675,-5.4354070235076835,-5.377298955736725,-0.3730797665338099,7.490176677301074,7.04848617376824,2024-05-27,"{""type"":""MultiPoint"",""coordinates"":[]}"
480,0,geometry,,,,,,,,,2024-06-03,"{""type"":""MultiPoint"",""coordinates"":[]}"
481,2,geometry,-12.906280231447386,-12.626435392857479,-7.875169237204473,-5.476710641227184,-5.378053918786042,-0.12730951523850342,7.429569590220181,7.009917157162827,2024-06-10,"{""type"":""MultiPoint"",""coordinates"":[]}"
482,1,geometry,-12.78093859129929,-12.872665431071256,-6.124797742504161,-5.222844789953851,-5.382425259705187,1.1285122995822627,7.558093801345416,16.2366740089024,2024-06-17,"{""type"":""MultiPoint"",""coordinates"":[]}"
483,1,geometry,-13.124666028608914,-13.12003254202784,-6.6240285776011145,-5.728791908315676,-6.124757158683645,0.8741498841445207,7.395874120293156,7.821013849182433,2024-06-24,"{""type"":""MultiPoint"",""coordinates"":[]}"
484,1,geometry,-12.727362390076413,-12.877617857251469,-6.13076877993869,-5.201736358662372,-5.376155290638384,1.3835043799113027,7.525626031414138,16.236622886101582,2024-07-01,"{""type"":""MultiPoint"",""coordinates"":[]}"
485,1,geometry,-12.997044151305639,-12.751357594093623,-6.257941680216476,-5.574245516043511,-5.877510628381072,1.1207659531682668,7.422798635262164,7.972809589484715,2024-07-08,"{""type"":""MultiPoint"",""coordinates"":[]}"
486,2,geometry,-13.004466025188705,-12.624726159332443,-7.881365574277722,-5.484050511831626,-5.373850949451133,-0.38619994252406414,7.520415513357209,7.0767735807728664,2024-07-15,"{""type"":""MultiPoint"",""coordinates"":[]}"
487,0,geometry,,,,,,,,,2024-07-22,"{""type"":""MultiPoint"",""coordinates"":[]}"
488,2,geometry,-12.900379793010393,-12.62827839556932,-7.873883270914219,-5.498466692228694,-5.375008449600384,-0.12517885857761823,7.4019131007817185,6.976513371827098,2024-07-29,"{""type"":""MultiPoint"",""coordinates"":[]}"
489,1,geometry,-12.775712856315275,-12.87603818049213,-6.122342687149923,-5.2291655454280095,-5.380682868417444,1.3770557919490924,7.546547310887358,15.488784349828045,2024-08-05,"{""type"":""MultiPoint"",""coordinates"":[]}"
490,1,geometry,-13.14704338939555,-13.12384922287414,-6.628496622919071,-5.733410041369217,-6.127213593244261,0.8750888485261868,7.413633348026384,7.809971708138279,2024-08-12,"{""type"":""MultiPoint"",""coordinates"":[]}"
491,2,geometry,-12.96088220471441,-12.625441842886117,-7.877635458892204,-5.477685535253008,-5.370776399916376,-0.1293512185454432,7.483196669461326,7.001758650928559,2024-08-19,"{""type"":""MultiPoint"",""coordinates"":[]}"
492,0,geometry,,,,,,,,,2024-08-26,"{""type"":""MultiPoint"",""coordinates"":[]}"
493,2,geometry,-12.962569759101706,-12.624964924653378,-7.875879244810084,-5.459735995138044,-5.376500037729444,-0.12516993128539203,7.502833763963684,7.049799432227824,2024-09-02,"{""type"":""MultiPoint"",""coordinates"":[]}"
494,1,geometry,-12.741622188519939,-12.878506526856414,-6.131568839277519,-5.124301456072194,-5.37268682621638,1.3769041477922923,7.617320732447708,15.420593671978398,2024-09-09,"{""type"":""MultiPoint"",""coordinates"":[]}"
495,1,geometry,-13.079715488388992,-12.877562746643619,-6.62904912352321,-5.649444102702946,-5.872176507229205,1.1189931256590342,7.430271385685993,8.042378766789641,2024-09-16,"{""type"":""MultiPoint"",""coordinates"":[]}"
496,1,geometry,-12.7557148708626,-12.87972242074335,-6.1257786722227445,-5.138328673407099,-5.377307629793607,1.3634908278661297,7.6173861974556045,17.78413182922311,2024-09-23,"{""type"":""MultiPoint"",""coordinates"":[]}"
497,1,geometry,-13.262159466064652,-13.134272991406851,-6.618626057177917,-5.718764346182683,-5.877505347274917,1.1232315575481793,7.543395119881909,8.025586886849764,2024-09-30,"{""type"":""MultiPoint"",""coordinates"":[]}"
498,2,geometry,-12.934437108600024,-12.625041405609748,-7.882648410491806,-5.41281143447207,-5.374579400929996,-0.12948727419893877,7.521625674128023,7.12663447932875,2024-10-07,"{""type"":""MultiPoint"",""coordinates"":[]}"
499,0,geometry,,,,,,,,,2024-10-14,"{""type"":""MultiPoint"",""coordinates"":[]}"
500,2,geometry,-13.005753457719026,-12.625835417867169,-7.874288426559892,-5.398061988057112,-5.371997505944421,-0.11965967503170999,7.60769146966196,7.343903143811684,2024-10-21,"{""type"":""MultiPoint"",""coordinates"":[]}"
501,1,geometry,-12.667361741019166,-12.87037633929493,-6.120103160764831,-5.13372546227881,-5.3790874281264935,1.373275564979658,7.53363627874041,16.15237104913471,2024-10-28,"{""type"":""MultiPoint"",""coordinates"":[]}"
502,1,geometry,-13.263449057109701,-13.124255346481077,-6.6245395296938385,-5.829448429251399,-6.122870421567864,0.8859828715991194,7.434000627858288,7.7413604559784535,2024-11-04,"{""type"":""MultiPoint"",""coordinates"":[]}"
503,2,geometry,-12.892554675615509,-12.620733716701995,-7.8761429122577225,-5.435468614145165,-5.373610041645837,-0.12932636666706382,7.457086061470283,7.031958846804603,2024-11-11,"{""type"":""MultiPoint"",""coordinates"":[]}"
504,0,geometry,,,,,,,,,2024-11-18,"{""type"":""MultiPoint"",""coordinates"":[]}"
505,2,geometry,-12.802025519449831,-12.622715097436128,-7.877023454379278,-5.2884706710561895,-5.124305317961533,-0.12349168273497768,7.513554848393545,6.964935809091478,2024-11-25,"{""type"":""MultiPoint"",""coordinates"":[]}"
506,1,geometry,-12.508496007140337,-12.873370026125235,-6.128490124454832,-4.801130760347573,-5.124647095394629,1.621717373610565,7.707365246792649,17.07308335228889,2024-12-02,"{""type"":""MultiPoint"",""coordinates"":[]}"
507,1,geometry,-13.13628043699751,-13.128293430599708,-6.631735942038922,-5.683533548263116,-5.876066186090104,1.126850530403136,7.452746888734126,7.733707947426059,2024-12-09,"{""type"":""MultiPoint"",""coordinates"":[]}"
508,1,geometry,-12.657770195219317,-12.87942784168124,-6.129685145174127,-5.096785565513914,-5.125532986599338,1.3755014152762504,7.5609846297054455,17.262765334294546,2024-12-16,"{""type"":""MultiPoint"",""coordinates"":[]}"
509,1,geometry,-13.198701225633299,-13.126730859475108,-6.869146341888456,-5.825699563115436,-6.126155956584341,0.875257499969869,7.373001662517855,7.628582397750687,2024-12-23,"{""type"":""MultiPoint"",""coordinates"":[]}"
510,2,geometry,-13.050861787831169,-12.875015671029917,-8.13457898207766,-5.314846090528622,-5.376148088779295,0.1198922317578165,7.73601569730254,7.451155152072972,2024-12-30,"{""type"":""MultiPoint"",""coordinates"":[]}"
511,0,geometry,,,,,,,,,2025-01-06,"{""type"":""MultiPoint"",""coordinates"":[]}"
512,2,geometry,-12.989600511477263,-12.878958021682555,-8.132143708197997,-5.318728643050965,-5.375256221455327,-0.12327422960501973,7.670871868426323,7.2735463857974025,2025-01-13,"{""type"":""MultiPoint"",""coordinates"":[]}"
513,1,geometry,-12.552563547172266,-12.87394120478813,-5.876945972238735,-4.915761728890245,-5.128869881848456,1.6172154649497186,7.636801818282084,17.07613738566915,2025-01-20,"{""type"":""MultiPoint"",""coordinates"":[]}"
514,1,geometry,-13.257054390372913,-13.120401091091306,-6.624142399981498,-5.641632582272842,-5.875857737578146,1.1316232149771204,7.615421808099998,8.165660939537657,2025-01-27,"{""type"":""MultiPoint"",""coordinates"":[]}"
515,2,geometry,-12.859429647526943,-12.623533025838949,-7.872128214984354,-5.302005895084793,-5.122531808946993,-0.12574048043188632,7.5574237524421015,7.110852708235984,2025-02-03,"{""type"":""MultiPoint"",""coordinates"":[]}"
516,0,geometry,,,,,,,,,2025-02-10,"{""type"":""MultiPoint"",""coordinates"":[]}"
517,2,geometry,-12.793027692819466,-12.627065690611389,-7.876061564970277,-5.200662576851273,-5.1226769146267745,-0.1306393344133093,7.592365115968093,7.204098911686335,2025-02-17,"{""type"":""MultiPoint"",""coordinates"":[]}"
518,1,geometry,-12.616901193603486,-12.871472837334766,-6.12408604557864,-5.053266241316568,-5.377951882918175,1.3733498873840047,7.563634952286787,17.95192326241835,2025-02-24,"{""type"":""MultiPoint"",""coordinates"":[]}"
519,1,geometry,-12.92666425073571,-12.874346510804598,-6.625011433900418,-5.492596342170514,-5.626413691251705,1.370656617520047,7.4340679085653045,8.124416129974028,2025-03-03,"{""type"":""MultiPoint"",""coordinates"":[]}"
520,1,geometry,-12.50963091982409,-12.62924690390241,-5.869580364641673,-4.897835993482758,-5.122967292614962,1.6299049968312749,7.6117949263414975,18.734685297929335,2025-03-10,"{""type"":""MultiPoint"",""coordinates"":[]}"
521,1,geometry,-13.109537932461116,-13.124838840868852,-6.637168848536174,-5.638457968587867,-5.879476171649113,1.1114990740428357,7.471079963873304,7.994801239652635,2025-03-17,"{""type"":""MultiPoint"",""coordinates"":[]}"
522,2,geometry,-12.857728098845067,-12.626772802079785,-7.8762258470232736,-5.314724874902332,-5.3783870905322075,-0.12872303618028805,7.543003223942535,7.025037400038761,2025-03-24,"{""type"":""MultiPoint"",""coordinates"":[]}"
523,0,geometry,,,,,,,,,2025-03-31,"{""type"":""MultiPoint"",""coordinates"":[]}"
524,2,geometry,-12.787164311175083,-12.62631935412835,-7.879465839787477,-5.368019530978978,-5.372388222234351,-0.3735808551661193,7.419144780196151,6.87908407613661,2025-04-07,"{""type"":""MultiPoint"",""coordinates"":[]}"
525,1,geometry,-12.434026818663165,-12.630010547523607,-5.874976555053468,-4.996683192511524,-5.129806191731259,1.6246006799815642,7.43734362615165,17.71353349859421,2025-04-14,"{""type"":""MultiPoint"",""coordinates"":[]}"
526,1,geometry,-13.019193128647501,-12.87346641824825,-6.626526690499233,-5.61936935506643,-5.875173463819616,1.1253303416948208,7.399823773581082,7.8059823486101605,2025-04-21,"{""type"":""MultiPoint"",""coordinates"":[]}"
527,2,geometry,-12.647698515156323,-12.378315396191125,-7.63006138213656,-5.263040199776147,-5.124962261067772,-0.12942862991404774,7.384658315380123,6.7312943601417246,2025-04-28,"{""type"":""MultiPoint"",""coordinates"":[]}"
528,0,geometry,,,,,,,,,2025-05-05,"{""type"":""MultiPoint"",""coordinates"":[]}"
529,2,geometry,-12.457944688932033,-12.121756611796918,-7.631641395162746,-5.069219657947665,-4.87260765368487,0.1327053386212956,7.388725030984415,6.9271564036287945,2025-05-12,"{""type"":""MultiPoint"",""coordinates"":[]}"
530,1,geometry,-12.180637426141567,-12.372461773119047,-5.619091585709288,-4.815018915023375,-4.876586656684188,1.6274232616471458,7.365618511118195,17.94152595471689,2025-05-19,"{""type"":""MultiPoint"",""coordinates"":[]}"
531,1,geometry,-12.694418667715937,-12.618582410834437,-6.375812109022955,-5.505764770471475,-5.626166488826314,1.126958117329273,7.188653897244429,7.439540536782818,2025-05-26,"{""type"":""MultiPoint"",""coordinates"":[]}"
532,1,geometry,-12.363626231952072,-12.62487528015696,-5.870133280105869,-4.93906884465875,-5.12468152886502,1.6171489306329951,7.424557387293322,15.56440377125533,2025-06-02,"{""type"":""MultiPoint"",""coordinates"":[]}"
533,1,geometry,-12.731501149207094,-12.620791909984932,-6.376139404288401,-5.473077641278306,-5.623624011393611,1.3802900330595824,7.258423507928807,7.558830500963194,2025-06-09,"{""type"":""MultiPoint"",""coordinates"":[]}"
534,2,geometry,-12.547945633254736,-12.375117090565697,-7.631886300998387,-5.1843953356071895,-5.124632948836257,0.12501878471216468,7.3635502976476825,6.835018657576776,2025-06-16,"{""type"":""MultiPoint"",""coordinates"":[]}"
535,0,geometry,,,,,,,,,2025-06-23,"{""type"":""MultiPoint"",""coordinates"":[]}"
536,2,geometry,-12.519580213616468,-12.36979172012237,-7.627630267628361,-5.141994402754932,-5.125853887797341,0.12543153741012275,7.377585810861497,6.800882507863521,2025-06-30,"{""type"":""MultiPoint"",""coordinates"":[]}"
537,1,geometry,-12.30734234351304,-12.625239429387895,-5.872742020360228,-4.848253821953345,-5.125345786707448,1.6194700806681532,7.459088521559669,16.36968124037581,2025-07-07,"{""type"":""MultiPoint"",""coordinates"":[]}"
538,1,geometry,-12.68007216310151,-12.62338275960047,-6.369775218506002,-5.404144384667651,-5.625351335757456,1.3748656081851076,7.2759277784336875,7.534147275366739,2025-07-14,"{""type"":""MultiPoint"",""coordinates"":[]}"
539,2,geometry,-12.4128213120259,-12.125183028199185,-7.379750231673565,-5.0496617546985805,-5.127561674606092,0.1209598479914845,7.363159557327397,6.81300080953043,2025-07-21,"{""type"":""MultiPoint"",""coordinates"":[]}"
540,2,geometry,-12.831951718149003,-12.625503702698285,-7.878261288103972,-5.425557051878978,-5.375551974801832,-0.12793091958717137,7.406394666269931,6.846561093509197,2025-07-28,"{""type"":""MultiPoint"",""coordinates"":[]}"
541,3,geometry,-12.212169704014538,-12.376976087530004,-5.618897162145031,-4.817796298282069,-5.127085728344801,1.8807499020373737,7.3943734057324555,15.88267129253689,2025-08-04,"{""type"":""MultiPoint"",""coordinates"":[]}"
542,2,geometry,-12.645178080625689,-12.372537099301288,-7.879202082489719,-5.2660556631830815,-5.128960751807855,-0.12368276756382687,7.379122417442718,6.722778145135444,2025-08-11,"{""type"":""MultiPoint"",""coordinates"":[]}"
543,2,geometry,-12.598914331699909,-12.372421313366367,-7.628260960096193,-5.2440379733482185,-5.124762787978949,-0.12158888233326857,7.354876358351677,6.747922778011009,2025-08-18,"{""type"":""MultiPoint"",""coordinates"":[]}"
544,2,geometry,-12.607049349447337,-12.37276738729378,-7.628529537803312,-5.2977572067489485,-5.124794961225221,-0.13056513761292918,7.3092921426984745,6.701591667156922,2025-08-25,"{""type"":""MultiPoint"",""coordinates"":[]}"
545,3,geometry,-12.815174581367728,-12.872970444641645,-6.8643977826184,-5.418875817538612,-5.6260861788250915,0.8771704483741141,7.396298763829164,6.998100899244691,2025-09-01,"{""type"":""MultiPoint"",""coordinates"":[]}"
546,2,geometry,-12.467855359249244,-12.371752278682186,-7.631215209355226,-5.079876896431121,-5.124828848312477,0.12851280312302932,7.387978462818152,6.843252072938952,2025-09-08,"{""type"":""MultiPoint"",""coordinates"":[]}"
547,2,geometry,-12.959806418722387,-12.871338952194918,-7.867383149162744,-5.46789846756502,-5.377717189385804,-0.12390339432010915,7.491907951157298,6.962517132091083,2025-09-15,"{""type"":""MultiPoint"",""coordinates"":[]}"
548,3,geometry,-12.532846115665988,-12.87512772877719,-6.372490469136572,-5.103420311357553,-5.376771983423226,0.8704965523353076,7.429425804308509,12.429697863293663,2025-09-22,"{""type"":""MultiPoint"",""coordinates"":[]}"
