tag,region,model,horizon,mae_mean,mae_std
P,Business Bay,Ridge,2,2.4845646955558744,0.6307276013259757
P,Business Bay,Ridge,6,4.110257978878409,1.339592747576708
P,Business Bay,Ridge,10,4.605307400062699,1.4966723428033302
P,Business Bay,Ridge,14,4.899076850062663,1.66814038855022
P,Business Bay,Ridge,18,5.452302784636516,2.097210158299398
P,Business Bay,Ridge,22,6.198565902304515,2.1480003197012243
P,Business Bay,Ridge,26,6.717862873997625,2.3389123486272965
P,Business Bay,Ridge,30,6.76646083460948,2.453326304400573
P,Business Bay,Ridge,34,7.782663013635499,2.3157437568450217
P,DAMAC HILLS 2,Ridge,2,0.30004840802042954,0.2901393851983685
P,DAMAC HILLS 2,Ridge,6,0.623097771092546,0.5689460354869765
P,DAMAC HILLS 2,Ridge,10,0.8743823943483731,0.7377823733160116
P,DAMAC HILLS 2,Ridge,14,1.0126963353325853,0.7812661177787648
P,DAMAC HILLS 2,Ridge,18,1.0690075743695668,0.7553798989384116
P,DAMAC HILLS 2,Ridge,22,1.2840771420705237,0.8856515141849329
P,DAMAC HILLS 2,Ridge,26,1.4538080547059127,1.0427271418908504
P,DAMAC HILLS 2,Ridge,30,1.6225913551174727,1.1822374486276528
P,DAMAC HILLS 2,Ridge,34,1.5344452800054214,1.1937603002142436
P,DAMAC HILLS,Ridge,2,1.3657947550703446,0.35471722409270856
P,DAMAC HILLS,Ridge,6,3.0027390718294815,0.9006055606505458
P,DAMAC HILLS,Ridge,10,4.05726572958771,1.552468161886885
P,DAMAC HILLS,Ridge,14,4.562531906337526,1.9652481142531313
P,DAMAC HILLS,Ridge,18,4.672094338216089,2.409344966663968
P,DAMAC HILLS,Ridge,22,4.82588888717967,2.61157856808464
P,DAMAC HILLS,Ridge,26,5.025241081420175,2.5092032384979324
P,DAMAC HILLS,Ridge,30,5.162747872115154,2.30701728101135
P,DAMAC HILLS,Ridge,34,5.563834329897844,2.3074583679984846
P,TOWN SQUARE,Ridge,2,1.1409875506007823,0.36401908428195534
P,TOWN SQUARE,Ridge,6,2.701320444844005,1.0637137900541567
P,TOWN SQUARE,Ridge,10,3.3631760606880876,1.4876131580374605
P,TOWN SQUARE,Ridge,14,3.518882417232107,1.5965992568146459
P,TOWN SQUARE,Ridge,18,3.5764096997521215,1.4362397543414291
P,TOWN SQUARE,Ridge,22,3.5865868090784083,1.4792923027098386
P,TOWN SQUARE,Ridge,26,3.7651265925537354,1.6088755366448186
P,TOWN SQUARE,Ridge,30,4.12184521228726,2.2636324886121417
P,TOWN SQUARE,Ridge,34,4.57832438546708,2.8835302298860235
P,DownTown Dubai,Ridge,2,1.730877847806107,0.5250161451401626
P,DownTown Dubai,Ridge,6,3.3837032001913796,1.2340874880941786
P,DownTown Dubai,Ridge,10,4.106514342193165,1.5071283453982272
P,DownTown Dubai,Ridge,14,4.625759365510325,2.0772629982070843
P,DownTown Dubai,Ridge,18,5.0018256156697305,2.074771305130533
P,DownTown Dubai,Ridge,22,5.278059222340351,2.3207992626874203
P,DownTown Dubai,Ridge,26,5.546506940178103,2.9799913770888815
P,DownTown Dubai,Ridge,30,6.179101785079661,3.475242599906376
P,DownTown Dubai,Ridge,34,7.124912042491693,3.528913135868233
P,Dubai Creek Harbour,Ridge,2,0.4997110464423285,0.44477045765500917
P,Dubai Creek Harbour,Ridge,6,1.0350217576810534,1.0164367245192456
P,Dubai Creek Harbour,Ridge,10,1.3691914210963805,1.2161172860100598
P,Dubai Creek Harbour,Ridge,14,1.4239362861733615,1.0134553490338039
P,Dubai Creek Harbour,Ridge,18,1.408327424086346,0.808837885584711
P,Dubai Creek Harbour,Ridge,22,1.6073994764696544,0.9087692921368351
P,Dubai Creek Harbour,Ridge,26,1.7180034392619334,0.903674484797172
P,Dubai Creek Harbour,Ridge,30,1.7213608990803002,0.9668494203393487
P,Dubai Creek Harbour,Ridge,34,1.7624928153372619,1.008512076063357
P,Dubai Marina,Ridge,2,1.9255936054762017,0.6816691872775643
P,Dubai Marina,Ridge,6,3.397306810620047,1.3423782389402177
P,Dubai Marina,Ridge,10,3.6073472088969085,1.3313542801774205
P,Dubai Marina,Ridge,14,4.28316661718104,1.8375802530937957
P,Dubai Marina,Ridge,18,4.816504453170039,2.228022073329464
P,Dubai Marina,Ridge,22,5.145449895785477,2.54137946272348
P,Dubai Marina,Ridge,26,5.304651078729168,2.8760467750560754
P,Dubai Marina,Ridge,30,5.546783361996857,3.1942671788921198
P,Dubai Marina,Ridge,34,5.936603414255924,3.241128804794358
P,Dubai South Residential District,Ridge,2,0.37625879226094117,0.225962791053572
P,Dubai South Residential District,Ridge,6,0.914021129588475,0.5836590135087819
P,Dubai South Residential District,Ridge,10,1.351630479622643,0.8637970713938373
P,Dubai South Residential District,Ridge,14,1.6909125933047968,0.9230817092366618
P,Dubai South Residential District,Ridge,18,1.914454283702978,0.8087146822232802
P,Dubai South Residential District,Ridge,22,2.135525638203964,0.8650816127582395
P,Dubai South Residential District,Ridge,26,2.3853535405573383,1.0691409907741476
P,Dubai South Residential District,Ridge,30,2.655098080800038,1.2423074732944799
P,Dubai South Residential District,Ridge,34,2.9756796070918505,1.4239840240250554
P,Dubai Sports City,Ridge,2,0.7207541946682755,0.44916665463131406
P,Dubai Sports City,Ridge,6,1.5207820615038459,1.0440266280687795
P,Dubai Sports City,Ridge,10,1.6922188054350424,1.2918245927194745
P,Dubai Sports City,Ridge,14,1.907525745360222,1.313339792962984
P,Dubai Sports City,Ridge,18,2.049594590139752,1.4370499231141252
P,Dubai Sports City,Ridge,22,2.340326444988258,1.5158734526548663
P,Dubai Sports City,Ridge,26,2.610359535574501,1.5908753023999807
P,Dubai Sports City,Ridge,30,2.97046896985671,1.7693427434380502
P,Dubai Sports City,Ridge,34,2.80924896418518,1.778544994846644
P,Al Furjan,Ridge,2,2.019226561797348,1.2523614850030964
P,Al Furjan,Ridge,6,3.526387888843897,2.1333340313967133
P,Al Furjan,Ridge,10,4.1192672164687965,1.9674536530936915
P,Al Furjan,Ridge,14,5.240071300918336,2.4080399510531962
P,Al Furjan,Ridge,18,5.83125031676794,3.0240364705121805
P,Al Furjan,Ridge,22,5.986568788485423,3.09884540043858
P,Al Furjan,Ridge,26,6.59217786198371,3.0437396949852014
P,Al Furjan,Ridge,30,6.81459204754263,3.3737116647801564
P,Al Furjan,Ridge,34,7.34764849499641,4.18363307956597
P,International City Phase 1,Ridge,2,0.5475862630096215,0.22663731809941404
P,International City Phase 1,Ridge,6,1.1467584309090093,0.3563848065802318
P,International City Phase 1,Ridge,10,1.571231327122942,0.4987777820248872
P,International City Phase 1,Ridge,14,1.9685136327590889,0.6653628211067432
P,International City Phase 1,Ridge,18,2.3161515181435175,0.7299850807473425
P,International City Phase 1,Ridge,22,2.462264969686884,0.9326468430282108
P,International City Phase 1,Ridge,26,2.6601835410622297,1.162874519119676
P,International City Phase 1,Ridge,30,3.1211202124925377,1.2768586517011022
P,International City Phase 1,Ridge,34,3.1484250611863445,1.5711818590727527
P,Jumeirah Lakes Towers,Ridge,2,1.1562874030359365,0.3141518310927903
P,Jumeirah Lakes Towers,Ridge,6,2.1348281086931746,0.5448510770736583
P,Jumeirah Lakes Towers,Ridge,10,2.2976154205297266,0.6777572875460003
P,Jumeirah Lakes Towers,Ridge,14,2.5417042229899995,1.0657156212325172
P,Jumeirah Lakes Towers,Ridge,18,2.831379641781759,1.0511607562090564
P,Jumeirah Lakes Towers,Ridge,22,3.2454296322356653,1.2439892084373882
P,Jumeirah Lakes Towers,Ridge,26,3.6680659452881996,1.5364916364915189
P,Jumeirah Lakes Towers,Ridge,30,4.064282921826506,1.7776662376715053
P,Jumeirah Lakes Towers,Ridge,34,4.771787019308643,1.6922777992734541
P,Jumeirah Village Circle,Ridge,2,1.6906269773408695,0.672501108162121
P,Jumeirah Village Circle,Ridge,6,2.337495663740187,0.7730989096627141
P,Jumeirah Village Circle,Ridge,10,2.6852904454168343,1.0303628715034676
P,Jumeirah Village Circle,Ridge,14,3.1669894737584063,1.1733478923013032
P,Jumeirah Village Circle,Ridge,18,3.564127621092166,1.508615332341603
P,Jumeirah Village Circle,Ridge,22,3.8162343099904765,1.7903443664288796
P,Jumeirah Village Circle,Ridge,26,4.048600125145956,1.978535757774251
P,Jumeirah Village Circle,Ridge,30,4.141764674137942,2.2200144495375738
P,Jumeirah Village Circle,Ridge,34,4.537172542524235,1.9272611660043295
P,Jumeirah Village Triangle,Ridge,2,1.782799786179006,1.1869864085370687
P,Jumeirah Village Triangle,Ridge,6,3.3732453448913615,1.907852310208008
P,Jumeirah Village Triangle,Ridge,10,4.35898693997138,2.3389412655380424
P,Jumeirah Village Triangle,Ridge,14,5.6986654257463165,3.0442097355113793
P,Jumeirah Village Triangle,Ridge,18,6.942627012111781,3.8668531559659995
P,Jumeirah Village Triangle,Ridge,22,7.878178327585933,4.488682816443305
P,Jumeirah Village Triangle,Ridge,26,8.763208813027049,4.618473312900807
P,Jumeirah Village Triangle,Ridge,30,9.348982527735986,4.928742599120817
P,Jumeirah Village Triangle,Ridge,34,11.20063145127948,4.683192168142847
P,Jumeriah Beach Residence  - JBR,Ridge,2,0.6836769878664797,0.303387303944145
P,Jumeriah Beach Residence  - JBR,Ridge,6,1.3688309090215625,0.5048443673964691
P,Jumeriah Beach Residence  - JBR,Ridge,10,2.042351252205237,0.6796173710065804
P,Jumeriah Beach Residence  - JBR,Ridge,14,2.528183372720735,0.9248275438781711
P,Jumeriah Beach Residence  - JBR,Ridge,18,3.009123851177509,1.2534986061181408
P,Jumeriah Beach Residence  - JBR,Ridge,22,3.4254810322440563,1.584770927098923
P,Jumeriah Beach Residence  - JBR,Ridge,26,3.6965614669988023,1.9968217234297518
P,Jumeriah Beach Residence  - JBR,Ridge,30,4.283566554287402,1.8234245029056417
P,Jumeriah Beach Residence  - JBR,Ridge,34,4.731369649648244,1.7289216283288538
P,Mudon,Ridge,2,0.3830053738,0.1366160484627206
P,Mudon,Ridge,6,0.788584510594296,0.3052640045516099
P,Mudon,Ridge,10,1.1370274739797774,0.5687859573423528
P,Mudon,Ridge,14,1.4423301545592297,0.8739258715425429
P,Mudon,Ridge,18,1.7864796164782484,1.1278263264127775
P,Mudon,Ridge,22,2.092955525120528,1.3416131424614801
P,Mudon,Ridge,26,2.4083128473415245,1.4761827218616945
P,Mudon,Ridge,30,2.6823833973644673,1.613042893164512
P,Mudon,Ridge,34,3.0769015982202004,1.8535670967516784
P,Palm Jumeirah,Ridge,2,1.7798522229559204,0.5206030715162616
P,Palm Jumeirah,Ridge,6,3.9664461007965093,1.3761862052898344
P,Palm Jumeirah,Ridge,10,4.684535874987413,1.569240673343935
P,Palm Jumeirah,Ridge,14,5.058600047377568,1.4589340976171568
P,Palm Jumeirah,Ridge,18,5.350144425306391,1.3745193419243524
P,Palm Jumeirah,Ridge,22,5.550267823144209,1.5960999612671547
P,Palm Jumeirah,Ridge,26,5.397486722998174,2.758679487968445
P,Palm Jumeirah,Ridge,30,5.598680784965089,2.806010252647582
P,Palm Jumeirah,Ridge,34,6.460732878654723,2.597457912498999
P,Silicon Oasis,Ridge,2,0.47600947317871656,0.4632847905817866
P,Silicon Oasis,Ridge,6,0.9886339849927726,0.6792759905860365
P,Silicon Oasis,Ridge,10,1.2330919257726376,0.5456853498229415
P,Silicon Oasis,Ridge,14,1.4412555591914382,0.6753107516574802
P,Silicon Oasis,Ridge,18,1.6025654895323238,0.7329893721081315
P,Silicon Oasis,Ridge,22,1.7869346947983857,0.8065115953834542
P,Silicon Oasis,Ridge,26,1.9430711596680896,0.9053186239753064
P,Silicon Oasis,Ridge,30,2.020105957956818,0.9874096176087562
P,Silicon Oasis,Ridge,34,2.392577121668368,0.8858353594587862
P,The Greens,Ridge,2,0.43072660851017924,0.23645359632578059
P,The Greens,Ridge,6,0.9167530693330818,0.5007093743066816
P,The Greens,Ridge,10,1.4091316679592694,0.6451567446543223
P,The Greens,Ridge,14,1.8443838689252388,0.695710050861429
P,The Greens,Ridge,18,2.1606377746307883,0.6849117070020069
P,The Greens,Ridge,22,2.427067032886619,0.785446150632321
P,The Greens,Ridge,26,2.6313783624701537,0.941857816947593
P,The Greens,Ridge,30,2.9648340905733876,0.9533292891117251
P,The Greens,Ridge,34,3.387899819493349,1.08148990252312
PC,Business Bay,Ridge,2,2.645961149617536,0.7433775481662261
PC,Business Bay,Ridge,6,4.8968573919616345,2.35914114357685
PC,Business Bay,Ridge,10,6.04454804504501,4.066286425337076
PC,Business Bay,Ridge,14,7.002973276724904,5.553825694863156
PC,Business Bay,Ridge,18,7.672125207143151,6.416578515961521
PC,Business Bay,Ridge,22,7.916504052170133,6.929790184028362
PC,Business Bay,Ridge,26,8.310379411073853,7.369572216987092
PC,Business Bay,Ridge,30,8.660029127170407,8.129123250530743
PC,Business Bay,Ridge,34,10.301453714807026,7.991380563245587
PC,DAMAC HILLS 2,Ridge,2,0.40449985295010504,0.46837256293237084
PC,DAMAC HILLS 2,Ridge,6,0.8221763861901309,0.9031721238652852
PC,DAMAC HILLS 2,Ridge,10,1.0468073372746356,0.9733932030596749
PC,DAMAC HILLS 2,Ridge,14,1.2835118297361077,1.1821261143741555
PC,DAMAC HILLS 2,Ridge,18,1.4942734859080198,1.3757106104411905
PC,DAMAC HILLS 2,Ridge,22,1.7084103398847847,1.462350444392292
PC,DAMAC HILLS 2,Ridge,26,1.901246713505286,1.5493451907022653
PC,DAMAC HILLS 2,Ridge,30,2.0672007421264595,1.669984214687528
PC,DAMAC HILLS 2,Ridge,34,2.2922204665740407,1.8900267295160766
PC,DAMAC HILLS,Ridge,2,1.48449266427587,0.38840359026731597
PC,DAMAC HILLS,Ridge,6,3.2586109700672394,1.171826670069523
PC,DAMAC HILLS,Ridge,10,4.382666083060392,2.1736454474511056
PC,DAMAC HILLS,Ridge,14,4.864874577214044,3.0556663118218084
PC,DAMAC HILLS,Ridge,18,4.941959873223709,3.797711700382203
PC,DAMAC HILLS,Ridge,22,5.050647894267439,4.084929770178479
PC,DAMAC HILLS,Ridge,26,5.3278865634109955,3.601599613430234
PC,DAMAC HILLS,Ridge,30,5.5313847111293,3.037013984410553
PC,DAMAC HILLS,Ridge,34,5.945638053822702,2.397592014619424
PC,TOWN SQUARE,Ridge,2,1.2576314730217901,0.4073449940853241
PC,TOWN SQUARE,Ridge,6,2.8583097598981886,1.1067800606644658
PC,TOWN SQUARE,Ridge,10,3.4557102060841096,1.5068445665489612
PC,TOWN SQUARE,Ridge,14,3.6875445010501253,1.5927048158558907
PC,TOWN SQUARE,Ridge,18,3.813255412590461,1.4181623205671439
PC,TOWN SQUARE,Ridge,22,3.9877805992870585,1.327146498692323
PC,TOWN SQUARE,Ridge,26,4.314876837289203,1.6596138406427279
PC,TOWN SQUARE,Ridge,30,4.785361901251344,2.5919759906653828
PC,TOWN SQUARE,Ridge,34,5.552929326903819,2.954766340585449
PC,DownTown Dubai,Ridge,2,1.9017320574558734,0.9320104228147424
PC,DownTown Dubai,Ridge,6,3.7722476001696377,2.030426366369265
PC,DownTown Dubai,Ridge,10,4.539852973430985,2.434797737003579
PC,DownTown Dubai,Ridge,14,5.072804764413737,3.614318492484914
PC,DownTown Dubai,Ridge,18,5.40404957319131,4.099932237693103
PC,DownTown Dubai,Ridge,22,5.683202077558426,4.206531868128112
PC,DownTown Dubai,Ridge,26,6.768836302650118,4.530923334560111
PC,DownTown Dubai,Ridge,30,7.682342533210627,4.848893029766587
PC,DownTown Dubai,Ridge,34,8.8950166940297,4.5782135074761845
PC,Dubai Creek Harbour,Ridge,2,0.524128712614354,0.4355714796799277
PC,Dubai Creek Harbour,Ridge,6,1.090488376981184,1.0542077435171198
PC,Dubai Creek Harbour,Ridge,10,1.5031065406290292,1.3380521111528434
PC,Dubai Creek Harbour,Ridge,14,1.627660709379913,1.2088637944172893
PC,Dubai Creek Harbour,Ridge,18,1.7682056200444567,1.1597810166806322
PC,Dubai Creek Harbour,Ridge,22,1.9408434715013108,1.1237933544635579
PC,Dubai Creek Harbour,Ridge,26,1.9180072592930082,0.9376089570609407
PC,Dubai Creek Harbour,Ridge,30,1.9131558434081377,0.9698922849015352
PC,Dubai Creek Harbour,Ridge,34,2.0187297770978203,1.1017271476858979
PC,Dubai Marina,Ridge,2,2.0156540166198966,0.6113303760626011
PC,Dubai Marina,Ridge,6,3.5756553690205495,1.3881725719856313
PC,Dubai Marina,Ridge,10,3.993980412054898,1.7688413078152008
PC,Dubai Marina,Ridge,14,4.7921308246663985,2.2058062667172753
PC,Dubai Marina,Ridge,18,5.259447205026275,2.473714101774476
PC,Dubai Marina,Ridge,22,5.535563753682362,2.7826555601288456
PC,Dubai Marina,Ridge,26,5.565068669142031,3.108823183242289
PC,Dubai Marina,Ridge,30,6.103977730156307,3.277137704745059
PC,Dubai Marina,Ridge,34,6.41547141217947,3.261379843513446
PC,Dubai South Residential District,Ridge,2,0.4477540662337837,0.2258837440405556
PC,Dubai South Residential District,Ridge,6,1.0197305742472242,0.5966381451451461
PC,Dubai South Residential District,Ridge,10,1.5049740082687373,0.9186138447472987
PC,Dubai South Residential District,Ridge,14,1.896705602569782,1.0437989705828428
PC,Dubai South Residential District,Ridge,18,2.122787296979231,1.0883656160926083
PC,Dubai South Residential District,Ridge,22,2.376792015018634,1.1792395912089084
PC,Dubai South Residential District,Ridge,26,2.5780214136969315,1.2695835922864498
PC,Dubai South Residential District,Ridge,30,2.715112616198535,1.4523215425602385
PC,Dubai South Residential District,Ridge,34,3.0518006125095347,1.712837225218498
PC,Dubai Sports City,Ridge,2,0.889901432487742,0.5422459919372437
PC,Dubai Sports City,Ridge,6,1.9531368948655736,1.3774814914908322
PC,Dubai Sports City,Ridge,10,2.405059196490872,1.7733084200035834
PC,Dubai Sports City,Ridge,14,2.592780674988357,1.911162337753831
PC,Dubai Sports City,Ridge,18,2.8289958235205246,2.1203359259038286
PC,Dubai Sports City,Ridge,22,3.0555789700302367,2.329620272979819
PC,Dubai Sports City,Ridge,26,3.4442193551507865,2.4589964144564935
PC,Dubai Sports City,Ridge,30,3.983343627366081,2.3643889427117264
PC,Dubai Sports City,Ridge,34,4.0052617502311145,2.2730366098409718
PC,Al Furjan,Ridge,2,2.0711565090419026,1.2616221821953375
PC,Al Furjan,Ridge,6,3.423370523447651,2.038381282319487
PC,Al Furjan,Ridge,10,3.9873667000984567,1.9121364618107997
PC,Al Furjan,Ridge,14,4.950681660398944,2.384118764853226
PC,Al Furjan,Ridge,18,5.284368947250521,2.202725146939053
PC,Al Furjan,Ridge,22,5.800945020609011,2.4053850185809256
PC,Al Furjan,Ridge,26,6.273706665570363,2.7007890163275703
PC,Al Furjan,Ridge,30,6.746400182549747,2.794783868456555
PC,Al Furjan,Ridge,34,6.6662954486840365,3.402033993019285
PC,International City Phase 1,Ridge,2,0.6570964334846584,0.22991692083065657
PC,International City Phase 1,Ridge,6,1.492535653714453,0.639713878808612
PC,International City Phase 1,Ridge,10,2.286763723194748,1.1771444711339536
PC,International City Phase 1,Ridge,14,3.1565686509378255,1.714294201909034
PC,International City Phase 1,Ridge,18,3.9361438739689723,2.1426032493090195
PC,International City Phase 1,Ridge,22,4.400423836470438,2.6529178089069205
PC,International City Phase 1,Ridge,26,4.692676386174213,2.9650413132712234
PC,International City Phase 1,Ridge,30,5.216876528426715,2.900806974574444
PC,International City Phase 1,Ridge,34,5.5266171663581,3.291957483648181
PC,Jumeirah Lakes Towers,Ridge,2,1.1805577404151442,0.32374987216150425
PC,Jumeirah Lakes Towers,Ridge,6,2.2528126232898553,0.7739792986575401
PC,Jumeirah Lakes Towers,Ridge,10,2.4205872420195527,1.192655539676633
PC,Jumeirah Lakes Towers,Ridge,14,2.789717529507122,1.5587800326842483
PC,Jumeirah Lakes Towers,Ridge,18,3.086814725758858,2.0853249205217472
PC,Jumeirah Lakes Towers,Ridge,22,3.3276297189059987,2.4640330908228965
PC,Jumeirah Lakes Towers,Ridge,26,3.373245706830466,2.5656341051724656
PC,Jumeirah Lakes Towers,Ridge,30,3.4412736207377828,2.7039686348850225
PC,Jumeirah Lakes Towers,Ridge,34,3.7380889006752045,2.5303153134447607
PC,Jumeirah Village Circle,Ridge,2,1.8456936344642858,0.6949538573411622
PC,Jumeirah Village Circle,Ridge,6,2.881013948624523,1.2612069461495
PC,Jumeirah Village Circle,Ridge,10,3.3309387851199617,1.2944998599815982
PC,Jumeirah Village Circle,Ridge,14,3.938741969338954,1.313398129428675
PC,Jumeirah Village Circle,Ridge,18,4.252219804302408,1.6416123234494968
PC,Jumeirah Village Circle,Ridge,22,4.4052922098363,2.0818502364100637
PC,Jumeirah Village Circle,Ridge,26,4.783415338764172,2.6481241701253015
PC,Jumeirah Village Circle,Ridge,30,5.1502441422390755,3.08578252239803
PC,Jumeirah Village Circle,Ridge,34,5.69186379838136,2.618832447094599
PC,Jumeirah Village Triangle,Ridge,2,1.971717490916141,1.2590609513744682
PC,Jumeirah Village Triangle,Ridge,6,4.129955710825966,3.259971347085024
PC,Jumeirah Village Triangle,Ridge,10,5.86382511888126,5.070130659081209
PC,Jumeirah Village Triangle,Ridge,14,7.245039722424724,6.093422548984601
PC,Jumeirah Village Triangle,Ridge,18,8.587519972003475,6.894172568677639
PC,Jumeirah Village Triangle,Ridge,22,9.697414278579345,6.692994676523952
PC,Jumeirah Village Triangle,Ridge,26,10.679665465961284,6.178530833453128
PC,Jumeirah Village Triangle,Ridge,30,11.119711471265095,5.722269319792014
PC,Jumeirah Village Triangle,Ridge,34,13.172787749385499,5.861272434127966
PC,Jumeriah Beach Residence  - JBR,Ridge,2,0.7683441234143733,0.3243506887332462
PC,Jumeriah Beach Residence  - JBR,Ridge,6,1.6374175644897833,0.7902216355201432
PC,Jumeriah Beach Residence  - JBR,Ridge,10,2.5348991370175797,1.449464261359165
PC,Jumeriah Beach Residence  - JBR,Ridge,14,3.2739682301962025,2.4757483513374474
PC,Jumeriah Beach Residence  - JBR,Ridge,18,4.090155977006924,3.6794646402348605
PC,Jumeriah Beach Residence  - JBR,Ridge,22,4.765310594246207,4.9774969725115525
PC,Jumeriah Beach Residence  - JBR,Ridge,26,5.287062248756416,6.177230166780798
PC,Jumeriah Beach Residence  - JBR,Ridge,30,5.847090664093898,6.85371455294815
PC,Jumeriah Beach Residence  - JBR,Ridge,34,6.857865144613611,7.259917544689009
PC,Mudon,Ridge,2,0.46868505707874747,0.22952555330320268
PC,Mudon,Ridge,6,1.0000140025858886,0.5023294890601495
PC,Mudon,Ridge,10,1.5036317863027757,0.8275505419041205
PC,Mudon,Ridge,14,1.9897383444213823,1.2026817294845755
PC,Mudon,Ridge,18,2.495626371223728,1.6033260234492284
PC,Mudon,Ridge,22,2.973895209376056,1.9224856112176052
PC,Mudon,Ridge,26,3.4326494282667475,2.2277414006842737
PC,Mudon,Ridge,30,3.847709937915743,2.5537618758416847
PC,Mudon,Ridge,34,4.45443932024109,3.0403623115327054
PC,Palm Jumeirah,Ridge,2,1.8761476693870887,0.5170988489843625
PC,Palm Jumeirah,Ridge,6,4.167787044376256,1.62932104338132
PC,Palm Jumeirah,Ridge,10,4.994568327183319,2.137410943436528
PC,Palm Jumeirah,Ridge,14,5.380073484896993,2.1092296432264
PC,Palm Jumeirah,Ridge,18,5.808155135219143,1.7541470156762817
PC,Palm Jumeirah,Ridge,22,6.243880101600558,2.3183739255487326
PC,Palm Jumeirah,Ridge,26,6.284573273601057,3.3759621862183335
PC,Palm Jumeirah,Ridge,30,6.259209193538854,3.860375642255229
PC,Palm Jumeirah,Ridge,34,7.2291625989937325,3.4276091044104744
PC,Silicon Oasis,Ridge,2,0.5058467095541435,0.4765870454385058
PC,Silicon Oasis,Ridge,6,1.0285299572751723,0.624994482796868
PC,Silicon Oasis,Ridge,10,1.279779343293658,0.5971292585567513
PC,Silicon Oasis,Ridge,14,1.4637254715421648,0.731955436303233
PC,Silicon Oasis,Ridge,18,1.6096070942902432,0.7732951651448412
PC,Silicon Oasis,Ridge,22,1.743169076990089,0.8134668724793694
PC,Silicon Oasis,Ridge,26,1.8334278237671608,0.7498206432618425
PC,Silicon Oasis,Ridge,30,1.900992574415812,0.7583186078580075
PC,Silicon Oasis,Ridge,34,2.132248083092049,0.7131439075696452
PC,The Greens,Ridge,2,0.45401214464993245,0.19257129744858492
PC,The Greens,Ridge,6,0.9774938629206353,0.4735725609571237
PC,The Greens,Ridge,10,1.427944447275476,0.6947664172121325
PC,The Greens,Ridge,14,1.781369854724407,0.8881687940239334
PC,The Greens,Ridge,18,2.040976616244122,0.9495035100546856
PC,The Greens,Ridge,22,2.3794371415282476,1.0346087301104214
PC,The Greens,Ridge,26,2.677376117821896,1.1543430042287743
PC,The Greens,Ridge,30,3.0151270106336145,1.2115102668514508
PC,The Greens,Ridge,34,3.3397023365540126,1.3922439163089881
PCS,Business Bay,Ridge,2,2.6301037679887047,0.7135481414871665
PCS,Business Bay,Ridge,6,4.911070398774746,2.252308416917429
PCS,Business Bay,Ridge,10,6.065523842813509,3.8776165302630905
PCS,Business Bay,Ridge,14,7.117195710536498,5.122287691532493
PCS,Business Bay,Ridge,18,7.799581406759631,5.849104046713381
PCS,Business Bay,Ridge,22,7.973098261150743,6.461320074419053
PCS,Business Bay,Ridge,26,8.344543189657077,6.919757487808506
PCS,Business Bay,Ridge,30,8.739006619197442,7.659203939099775
PCS,Business Bay,Ridge,34,10.239318822896555,7.809685143565474
PCS,DAMAC HILLS 2,Ridge,2,0.40291144954626673,0.4760417908627669
PCS,DAMAC HILLS 2,Ridge,6,0.8149853248377885,0.9432327435920355
PCS,DAMAC HILLS 2,Ridge,10,1.0593320706967324,1.0738926771426598
PCS,DAMAC HILLS 2,Ridge,14,1.362525506077933,1.3891768761376466
PCS,DAMAC HILLS 2,Ridge,18,1.601174596356519,1.5710032420425715
PCS,DAMAC HILLS 2,Ridge,22,1.8568619444854377,1.6989591314405397
PCS,DAMAC HILLS 2,Ridge,26,2.0598103694044534,1.763859771449942
PCS,DAMAC HILLS 2,Ridge,30,2.215042507403536,1.8594813593793826
PCS,DAMAC HILLS 2,Ridge,34,2.4577564662423668,2.059525243235289
PCS,DAMAC HILLS,Ridge,2,1.4943218662251767,0.39360879363809004
PCS,DAMAC HILLS,Ridge,6,3.296657864575817,1.2260775534182793
PCS,DAMAC HILLS,Ridge,10,4.427504165827303,2.35087305993416
PCS,DAMAC HILLS,Ridge,14,4.975991120627106,3.3052425612821295
PCS,DAMAC HILLS,Ridge,18,5.131831721747888,4.093135527305052
PCS,DAMAC HILLS,Ridge,22,5.195913572027072,4.45077655546161
PCS,DAMAC HILLS,Ridge,26,5.583260046333601,4.036621466488227
PCS,DAMAC HILLS,Ridge,30,5.849129779510074,3.331962721711755
PCS,DAMAC HILLS,Ridge,34,6.3487488702876576,2.605166489591378
PCS,TOWN SQUARE,Ridge,2,1.2562864525264965,0.4137276975167559
PCS,TOWN SQUARE,Ridge,6,2.848032912591157,1.1273354048510373
PCS,TOWN SQUARE,Ridge,10,3.4907643695822808,1.5372645914289802
PCS,TOWN SQUARE,Ridge,14,3.7038910489351387,1.6387572903432286
PCS,TOWN SQUARE,Ridge,18,3.8924016257412823,1.488377100652555
PCS,TOWN SQUARE,Ridge,22,4.157449048497931,1.482619929145092
PCS,TOWN SQUARE,Ridge,26,4.422633158245779,1.9774015347438654
PCS,TOWN SQUARE,Ridge,30,4.676517202107111,2.7659441144315116
PCS,TOWN SQUARE,Ridge,34,5.386641150345861,3.2040302730071355
PCS,DownTown Dubai,Ridge,2,1.9072941091578859,0.9297687863873605
PCS,DownTown Dubai,Ridge,6,3.78388680899833,2.028366108153988
PCS,DownTown Dubai,Ridge,10,4.553100388568476,2.4015800317850826
PCS,DownTown Dubai,Ridge,14,4.998179204973859,3.5279420931001484
PCS,DownTown Dubai,Ridge,18,5.339968000281667,4.00431372299141
PCS,DownTown Dubai,Ridge,22,5.675421781379787,4.076409789663978
PCS,DownTown Dubai,Ridge,26,6.715037943739185,4.369891884513908
PCS,DownTown Dubai,Ridge,30,7.545742414808207,4.563259362158718
PCS,DownTown Dubai,Ridge,34,8.691032660076205,4.165628791275968
PCS,Dubai Creek Harbour,Ridge,2,0.5231619833995187,0.433668514688395
PCS,Dubai Creek Harbour,Ridge,6,1.0667056113843263,1.044076230743675
PCS,Dubai Creek Harbour,Ridge,10,1.4648201946134098,1.3408795021786715
PCS,Dubai Creek Harbour,Ridge,14,1.613857297847439,1.2074398350826476
PCS,Dubai Creek Harbour,Ridge,18,1.7766692167556202,1.1165387392800037
PCS,Dubai Creek Harbour,Ridge,22,1.9728513605960185,1.0449549068618174
PCS,Dubai Creek Harbour,Ridge,26,1.9955133354029595,0.7988543478562512
PCS,Dubai Creek Harbour,Ridge,30,2.0268336407062115,0.8433388946713098
PCS,Dubai Creek Harbour,Ridge,34,2.092227824254112,0.990843319618341
PCS,Dubai Marina,Ridge,2,2.02770742228454,0.6157002719714808
PCS,Dubai Marina,Ridge,6,3.6065628361032984,1.4035635542444156
PCS,Dubai Marina,Ridge,10,4.077751549130146,1.7542280328818818
PCS,Dubai Marina,Ridge,14,4.925185643229331,2.1436520090278965
PCS,Dubai Marina,Ridge,18,5.395873008433613,2.372704130516365
PCS,Dubai Marina,Ridge,22,5.658636697066369,2.716049725605652
PCS,Dubai Marina,Ridge,26,5.662969189470459,3.083843999292428
PCS,Dubai Marina,Ridge,30,6.20283106553437,3.1950539231928614
PCS,Dubai Marina,Ridge,34,6.480217505490055,3.26449600694153
PCS,Dubai South Residential District,Ridge,2,0.45113330274842234,0.22379434240762425
PCS,Dubai South Residential District,Ridge,6,1.0213690015885255,0.5985922760837591
PCS,Dubai South Residential District,Ridge,10,1.497774656525153,0.9490535003248932
PCS,Dubai South Residential District,Ridge,14,1.8678250469583564,1.0737483783628985
PCS,Dubai South Residential District,Ridge,18,2.061155537430741,1.0846841023165792
PCS,Dubai South Residential District,Ridge,22,2.369910809812094,1.1173666092952137
PCS,Dubai South Residential District,Ridge,26,2.6226208288299016,1.1971481162129456
PCS,Dubai South Residential District,Ridge,30,2.7554385934113492,1.2831846195608183
PCS,Dubai South Residential District,Ridge,34,3.1327476525855547,1.4346632223274967
PCS,Dubai Sports City,Ridge,2,0.9272211338040499,0.5859629956487558
PCS,Dubai Sports City,Ridge,6,2.017222914679985,1.4844872968879996
PCS,Dubai Sports City,Ridge,10,2.5038794166344807,2.004068554268312
PCS,Dubai Sports City,Ridge,14,2.7506531099348295,2.3087975950362694
PCS,Dubai Sports City,Ridge,18,3.0761332558335686,2.6147114665016793
PCS,Dubai Sports City,Ridge,22,3.416451798307416,3.0127255712508014
PCS,Dubai Sports City,Ridge,26,3.9023093183523203,3.3587627343936592
PCS,Dubai Sports City,Ridge,30,4.581415008662214,3.1805239869241313
PCS,Dubai Sports City,Ridge,34,4.718990266789238,2.899600326493096
PCS,Al Furjan,Ridge,2,2.048747640914063,1.2618186929568376
PCS,Al Furjan,Ridge,6,3.3558738594660404,2.0233672461560053
PCS,Al Furjan,Ridge,10,3.853130870624492,1.938529839681233
PCS,Al Furjan,Ridge,14,4.70685050165319,2.3180521213760135
PCS,Al Furjan,Ridge,18,4.780519382436702,2.0495759364427726
PCS,Al Furjan,Ridge,22,5.091705168512773,2.0635321993732827
PCS,Al Furjan,Ridge,26,5.493055736549947,2.179341007984805
PCS,Al Furjan,Ridge,30,5.898223799375904,2.2505364536399917
PCS,Al Furjan,Ridge,34,5.985066775147698,2.860442963888913
PCS,International City Phase 1,Ridge,2,0.6566177944019318,0.23936449278355562
PCS,International City Phase 1,Ridge,6,1.5293945549319667,0.6443763692873385
PCS,International City Phase 1,Ridge,10,2.3380927528671407,1.1455874384754379
PCS,International City Phase 1,Ridge,14,3.1750404212238776,1.6489469661715002
PCS,International City Phase 1,Ridge,18,3.9136753286464296,2.051046201551061
PCS,International City Phase 1,Ridge,22,4.3583576901580665,2.5144817290927555
PCS,International City Phase 1,Ridge,26,4.680537767416173,2.803512324639603
PCS,International City Phase 1,Ridge,30,5.277381157244066,2.738244778970104
PCS,International City Phase 1,Ridge,34,5.6101185594334275,3.1691830789056703
PCS,Jumeirah Lakes Towers,Ridge,2,1.1952088313564735,0.34248933143382737
PCS,Jumeirah Lakes Towers,Ridge,6,2.3638196902693127,1.0473142668916064
PCS,Jumeirah Lakes Towers,Ridge,10,2.654544127057544,1.5737840166544521
PCS,Jumeirah Lakes Towers,Ridge,14,3.011743728056504,1.9319755608273697
PCS,Jumeirah Lakes Towers,Ridge,18,3.2087698532761877,2.257368016171818
PCS,Jumeirah Lakes Towers,Ridge,22,3.4251216585941493,2.506224103120435
PCS,Jumeirah Lakes Towers,Ridge,26,3.455817212142377,2.641377283520441
PCS,Jumeirah Lakes Towers,Ridge,30,3.547354118650304,2.83386773592879
PCS,Jumeirah Lakes Towers,Ridge,34,3.8928186465619117,2.4942350232484145
PCS,Jumeirah Village Circle,Ridge,2,1.8443727439141948,0.6993108564219962
PCS,Jumeirah Village Circle,Ridge,6,2.906449155706637,1.2711413839647614
PCS,Jumeirah Village Circle,Ridge,10,3.3635039251989562,1.3367524804940722
PCS,Jumeirah Village Circle,Ridge,14,3.8699291783070264,1.334428121125228
PCS,Jumeirah Village Circle,Ridge,18,4.177786640608227,1.6828843649366807
PCS,Jumeirah Village Circle,Ridge,22,4.262553707411751,2.200099795386209
PCS,Jumeirah Village Circle,Ridge,26,4.683136200099343,2.7670521579125325
PCS,Jumeirah Village Circle,Ridge,30,4.929793566777915,3.1404950357685832
PCS,Jumeirah Village Circle,Ridge,34,5.412437982625061,2.771540633497531
PCS,Jumeirah Village Triangle,Ridge,2,1.9439308723080315,1.2324380385463767
PCS,Jumeirah Village Triangle,Ridge,6,3.999152384816383,3.126392611477119
PCS,Jumeirah Village Triangle,Ridge,10,5.592670266495838,4.820665695047007
PCS,Jumeirah Village Triangle,Ridge,14,6.650453255166889,5.722756580016053
PCS,Jumeirah Village Triangle,Ridge,18,7.695451653885563,6.482143505650903
PCS,Jumeirah Village Triangle,Ridge,22,8.289183929016149,6.299708608842987
PCS,Jumeirah Village Triangle,Ridge,26,8.732964734746993,5.648261503735779
PCS,Jumeirah Village Triangle,Ridge,30,9.12038283579524,5.374515455190366
PCS,Jumeirah Village Triangle,Ridge,34,11.046258116692883,4.681096684716257
PCS,Jumeriah Beach Residence  - JBR,Ridge,2,0.7855081866411779,0.32897721369713095
PCS,Jumeriah Beach Residence  - JBR,Ridge,6,1.683311569639051,0.8164089052453964
PCS,Jumeriah Beach Residence  - JBR,Ridge,10,2.610835432263234,1.41866126483847
PCS,Jumeriah Beach Residence  - JBR,Ridge,14,3.4282795185417614,2.364428340771876
PCS,Jumeriah Beach Residence  - JBR,Ridge,18,4.3277689990448325,3.512386481427913
PCS,Jumeriah Beach Residence  - JBR,Ridge,22,5.080739843397505,4.7538787759835754
PCS,Jumeriah Beach Residence  - JBR,Ridge,26,5.564478272951442,5.939332093532496
PCS,Jumeriah Beach Residence  - JBR,Ridge,30,6.109237284818767,6.465489623915768
PCS,Jumeriah Beach Residence  - JBR,Ridge,34,6.928653754745044,6.708196010547994
PCS,Mudon,Ridge,2,0.4776217076696567,0.23582459216578724
PCS,Mudon,Ridge,6,1.0244169283170048,0.5260579366420259
PCS,Mudon,Ridge,10,1.5562712207395093,0.8875823925285521
PCS,Mudon,Ridge,14,2.048889038029022,1.2898657349198444
PCS,Mudon,Ridge,18,2.5253326369200133,1.7140082255764248
PCS,Mudon,Ridge,22,2.9691947583808167,2.04870044113627
PCS,Mudon,Ridge,26,3.3927309661993434,2.3597857353678746
PCS,Mudon,Ridge,30,3.7451697651308415,2.688969442315098
PCS,Mudon,Ridge,34,4.349136300049288,3.1398830447628927
PCS,Palm Jumeirah,Ridge,2,1.870260061814443,0.5166477337122792
PCS,Palm Jumeirah,Ridge,6,4.181476797472695,1.6325534277567917
PCS,Palm Jumeirah,Ridge,10,4.998028053369992,2.1600693475163824
PCS,Palm Jumeirah,Ridge,14,5.353257506459418,2.111228674619705
PCS,Palm Jumeirah,Ridge,18,5.762991346204726,1.7732512248462988
PCS,Palm Jumeirah,Ridge,22,6.196703403751566,2.3752226173737876
PCS,Palm Jumeirah,Ridge,26,6.192319969997244,3.4631610793800425
PCS,Palm Jumeirah,Ridge,30,6.275880537006356,3.738184992249202
PCS,Palm Jumeirah,Ridge,34,7.001919945796245,3.524684831904917
PCS,Silicon Oasis,Ridge,2,0.5009224072962943,0.4767489247260309
PCS,Silicon Oasis,Ridge,6,1.0461382746080368,0.6100743438221992
PCS,Silicon Oasis,Ridge,10,1.378752304894349,0.619283431405381
PCS,Silicon Oasis,Ridge,14,1.5482075125715846,0.78021996049859
PCS,Silicon Oasis,Ridge,18,1.6118122854129382,0.8640627645004416
PCS,Silicon Oasis,Ridge,22,1.7918675816612901,0.8638412589549009
PCS,Silicon Oasis,Ridge,26,1.9097799661776627,0.8447951102300347
PCS,Silicon Oasis,Ridge,30,2.086295779051791,0.8533588019653552
PCS,Silicon Oasis,Ridge,34,2.4401506708773573,0.6690363651516558
PCS,The Greens,Ridge,2,0.4601306604829344,0.18543497214301252
PCS,The Greens,Ridge,6,0.9930282769668033,0.4608000538101142
PCS,The Greens,Ridge,10,1.4535376325245914,0.694778445726689
PCS,The Greens,Ridge,14,1.838134420504879,0.8930946804354299
PCS,The Greens,Ridge,18,2.101616234762212,0.9510123267326903
PCS,The Greens,Ridge,22,2.4025831481584037,1.0362728524524463
PCS,The Greens,Ridge,26,2.669378759639221,1.162612654270788
PCS,The Greens,Ridge,30,2.981721098352424,1.2252938340759598
PCS,The Greens,Ridge,34,3.2990554439754534,1.4043085507435502
PCSB,Business Bay,Ridge,2,2.888045397498546,0.6812185208424224
PCSB,Business Bay,Ridge,6,5.207298651250472,1.7306028761727172
PCSB,Business Bay,Ridge,10,5.8926953048882655,2.5919901017389866
PCSB,Business Bay,Ridge,14,6.244434143266259,3.429897842093342
PCSB,Business Bay,Ridge,18,6.6932312191039145,3.7133484632333382
PCSB,Business Bay,Ridge,22,6.6273869083915615,3.510074040600465
PCSB,Business Bay,Ridge,26,6.83247036081667,3.267899075893382
PCSB,Business Bay,Ridge,30,6.941342255695877,3.0636794504868785
PCSB,Business Bay,Ridge,34,8.07631152550231,3.2607718664606993
PCSB,DAMAC HILLS 2,Ridge,2,0.45756430498812906,0.5118277255682074
PCSB,DAMAC HILLS 2,Ridge,6,0.9333340803345633,1.0503060863405136
PCSB,DAMAC HILLS 2,Ridge,10,1.3455136438608462,1.5784721551848697
PCSB,DAMAC HILLS 2,Ridge,14,1.7225440762244528,2.1468429318372784
PCSB,DAMAC HILLS 2,Ridge,18,2.01450495616639,2.3559542254766423
PCSB,DAMAC HILLS 2,Ridge,22,2.2660153517085457,2.2520575572456547
PCSB,DAMAC HILLS 2,Ridge,26,2.3826889148461987,2.072027882631068
PCSB,DAMAC HILLS 2,Ridge,30,2.3811713732317408,1.942465972792249
PCSB,DAMAC HILLS 2,Ridge,34,2.414553226816123,1.8702443593692404
PCSB,DAMAC HILLS,Ridge,2,1.5775189654806918,0.27518953329680557
PCSB,DAMAC HILLS,Ridge,6,3.5641659160468455,0.7247599844320118
PCSB,DAMAC HILLS,Ridge,10,5.147981944451352,1.2954397078425943
PCSB,DAMAC HILLS,Ridge,14,5.719769179188157,2.0777836355178008
PCSB,DAMAC HILLS,Ridge,18,5.8615859069517455,2.7460179203790576
PCSB,DAMAC HILLS,Ridge,22,5.922620280915185,2.7019054068796393
PCSB,DAMAC HILLS,Ridge,26,5.784538731000314,2.4282401162976046
PCSB,DAMAC HILLS,Ridge,30,5.651871231289516,2.85226372951391
PCSB,DAMAC HILLS,Ridge,34,5.449075321402825,3.0943798885069107
PCSB,TOWN SQUARE,Ridge,2,1.3404274045213498,0.4694912302733066
PCSB,TOWN SQUARE,Ridge,6,3.1392770505336443,1.3388646903431762
PCSB,TOWN SQUARE,Ridge,10,3.9118547084113247,1.8629307502104548
PCSB,TOWN SQUARE,Ridge,14,4.345902372858925,2.039900965246868
PCSB,TOWN SQUARE,Ridge,18,4.615249709891733,2.121093037383563
PCSB,TOWN SQUARE,Ridge,22,4.693569372971099,2.253215790481476
PCSB,TOWN SQUARE,Ridge,26,4.953910889241132,2.9202443407743353
PCSB,TOWN SQUARE,Ridge,30,5.437173918860748,3.7986590327208893
PCSB,TOWN SQUARE,Ridge,34,6.4332392200025055,3.7010318208247313
PCSB,DownTown Dubai,Ridge,2,2.0012161535204234,1.0491380976718265
PCSB,DownTown Dubai,Ridge,6,4.176230239247904,2.3589567885186082
PCSB,DownTown Dubai,Ridge,10,4.918514511574777,2.7190344710177685
PCSB,DownTown Dubai,Ridge,14,5.059605440675213,3.2787938808281556
PCSB,DownTown Dubai,Ridge,18,5.492183560805346,3.828234966151313
PCSB,DownTown Dubai,Ridge,22,6.232019217585592,4.310361929785179
PCSB,DownTown Dubai,Ridge,26,7.452118431714186,4.885602243249376
PCSB,DownTown Dubai,Ridge,30,8.417812168796406,5.262855299637733
PCSB,DownTown Dubai,Ridge,34,9.393808867661305,5.158647646922367
PCSB,Dubai Creek Harbour,Ridge,2,0.5928083649459153,0.43054245367982263
PCSB,Dubai Creek Harbour,Ridge,6,1.1514387465158291,0.975530475207868
PCSB,Dubai Creek Harbour,Ridge,10,1.4948408424875566,1.1987834485572397
PCSB,Dubai Creek Harbour,Ridge,14,1.7133482687644541,1.0218619829695417
PCSB,Dubai Creek Harbour,Ridge,18,1.9437453647026017,1.1109530496412572
PCSB,Dubai Creek Harbour,Ridge,22,2.1236855755999544,1.1691438966589451
PCSB,Dubai Creek Harbour,Ridge,26,2.2348844875519545,1.2573859384097978
PCSB,Dubai Creek Harbour,Ridge,30,2.285810317266508,1.4400477320714062
PCSB,Dubai Creek Harbour,Ridge,34,2.6335947991530895,1.8958429047873102
PCSB,Dubai Marina,Ridge,2,2.1627364383960312,0.6638561365449271
PCSB,Dubai Marina,Ridge,6,4.060844460274814,1.2003850337440776
PCSB,Dubai Marina,Ridge,10,4.956970163286891,1.5485995716565326
PCSB,Dubai Marina,Ridge,14,6.1532821788328125,2.396138395987214
PCSB,Dubai Marina,Ridge,18,6.819910283775928,2.650545704404623
PCSB,Dubai Marina,Ridge,22,6.866590791952572,3.140960639908936
PCSB,Dubai Marina,Ridge,26,7.023184870262279,3.7025817735402975
PCSB,Dubai Marina,Ridge,30,7.549735948211956,3.6905092015900607
PCSB,Dubai Marina,Ridge,34,7.575012532773347,3.7401197351162896
PCSB,Dubai South Residential District,Ridge,2,0.5197610518220173,0.2959842044968626
PCSB,Dubai South Residential District,Ridge,6,1.210983388869349,0.9758173398599354
PCSB,Dubai South Residential District,Ridge,10,1.8602578429123195,1.5422448117262615
PCSB,Dubai South Residential District,Ridge,14,2.404499198102312,1.9034920233216375
PCSB,Dubai South Residential District,Ridge,18,2.7742840074142743,2.1466082262403385
PCSB,Dubai South Residential District,Ridge,22,3.058552500846203,2.5612341619926005
PCSB,Dubai South Residential District,Ridge,26,3.2668779295781483,2.864996681613208
PCSB,Dubai South Residential District,Ridge,30,3.4223559996289468,2.9383897168140387
PCSB,Dubai South Residential District,Ridge,34,3.9023574923382207,2.776261854269559
PCSB,Dubai Sports City,Ridge,2,0.9852539417289016,0.6021809410176311
PCSB,Dubai Sports City,Ridge,6,2.198773333118955,1.4854899735622529
PCSB,Dubai Sports City,Ridge,10,2.8768536407495353,2.0511614874363495
PCSB,Dubai Sports City,Ridge,14,3.197080017619664,2.318851155405127
PCSB,Dubai Sports City,Ridge,18,3.483127539312028,2.72345048917572
PCSB,Dubai Sports City,Ridge,22,3.944078698555444,2.9938862267406154
PCSB,Dubai Sports City,Ridge,26,4.294537330391597,3.359853859441111
PCSB,Dubai Sports City,Ridge,30,4.953620613072387,3.3467744695036634
PCSB,Dubai Sports City,Ridge,34,4.37404712462873,2.329938916205768
PCSB,Al Furjan,Ridge,2,2.235318795294113,1.141369444273513
PCSB,Al Furjan,Ridge,6,4.152233834084507,2.087156055787865
PCSB,Al Furjan,Ridge,10,4.42161239641589,2.5506935569388913
PCSB,Al Furjan,Ridge,14,5.00747435093219,3.110362522051811
PCSB,Al Furjan,Ridge,18,4.964807346533634,2.798935599328443
PCSB,Al Furjan,Ridge,22,4.609717468409205,2.2033390230001975
PCSB,Al Furjan,Ridge,26,4.534082702572584,2.0077050095137805
PCSB,Al Furjan,Ridge,30,4.959755958242608,2.20015851334993
PCSB,Al Furjan,Ridge,34,5.556036860922091,2.919097187016547
PCSB,International City Phase 1,Ridge,2,0.6680684372227652,0.2598764015977906
PCSB,International City Phase 1,Ridge,6,1.4481176218959788,0.7377678469533621
PCSB,International City Phase 1,Ridge,10,2.1625879338259333,1.3411029037006275
PCSB,International City Phase 1,Ridge,14,2.878526855616408,2.06108235333399
PCSB,International City Phase 1,Ridge,18,3.472560038473726,2.5954700755633597
PCSB,International City Phase 1,Ridge,22,3.7102733061677364,3.0067906561831848
PCSB,International City Phase 1,Ridge,26,3.759230167905128,3.3379281879873424
PCSB,International City Phase 1,Ridge,30,4.066554168208437,3.4468728908184323
PCSB,International City Phase 1,Ridge,34,4.520891987148864,3.8985286051172134
PCSB,Jumeirah Lakes Towers,Ridge,2,1.2288887438934508,0.33019325451730513
PCSB,Jumeirah Lakes Towers,Ridge,6,2.538008053336039,0.873237474961846
PCSB,Jumeirah Lakes Towers,Ridge,10,3.232119349219913,1.2807768126114865
PCSB,Jumeirah Lakes Towers,Ridge,14,3.8933554006080238,1.440988690771299
PCSB,Jumeirah Lakes Towers,Ridge,18,4.229662004949894,1.4222428808743637
PCSB,Jumeirah Lakes Towers,Ridge,22,4.898747254569111,1.6687237422572032
PCSB,Jumeirah Lakes Towers,Ridge,26,5.483254202983611,2.1379592581782507
PCSB,Jumeirah Lakes Towers,Ridge,30,5.471151847691457,2.475714296807101
PCSB,Jumeirah Lakes Towers,Ridge,34,5.343329021857743,1.9021332626359015
PCSB,Jumeirah Village Circle,Ridge,2,1.7911758684231356,0.675080224482333
PCSB,Jumeirah Village Circle,Ridge,6,2.765778229595317,1.2327119574513703
PCSB,Jumeirah Village Circle,Ridge,10,3.0192571399884622,1.1922685923745562
PCSB,Jumeirah Village Circle,Ridge,14,3.1453989628891508,1.2363466208599987
PCSB,Jumeirah Village Circle,Ridge,18,3.2927863354837363,1.1982927021339465
PCSB,Jumeirah Village Circle,Ridge,22,3.115927907807795,1.1431841222001258
PCSB,Jumeirah Village Circle,Ridge,26,3.0403818130519733,1.5528686906208942
PCSB,Jumeirah Village Circle,Ridge,30,3.1729044253851835,1.8447014626649731
PCSB,Jumeirah Village Circle,Ridge,34,3.286996645687028,1.5725192915443331
PCSB,Jumeirah Village Triangle,Ridge,2,1.9823298281726054,1.2318347705106394
PCSB,Jumeirah Village Triangle,Ridge,6,4.06628722108593,3.089474352834779
PCSB,Jumeirah Village Triangle,Ridge,10,5.404928259400232,4.780389610811996
PCSB,Jumeirah Village Triangle,Ridge,14,6.415860062122299,5.6608926597619496
PCSB,Jumeirah Village Triangle,Ridge,18,7.136413131256471,6.456874137943228
PCSB,Jumeirah Village Triangle,Ridge,22,7.699415024289254,6.107656677491255
PCSB,Jumeirah Village Triangle,Ridge,26,7.953300570296737,5.675846053595652
PCSB,Jumeirah Village Triangle,Ridge,30,8.909747396922157,4.724076766300827
PCSB,Jumeirah Village Triangle,Ridge,34,10.629070420920188,4.537881383142513
PCSB,Jumeriah Beach Residence  - JBR,Ridge,2,0.8438083039190998,0.3232122692020526
PCSB,Jumeriah Beach Residence  - JBR,Ridge,6,1.909723991791657,0.7830026888108365
PCSB,Jumeriah Beach Residence  - JBR,Ridge,10,3.040895317185595,1.2374114735039916
PCSB,Jumeriah Beach Residence  - JBR,Ridge,14,4.065022031380382,1.8044066993430619
PCSB,Jumeriah Beach Residence  - JBR,Ridge,18,5.106278009964588,2.615863693290995
PCSB,Jumeriah Beach Residence  - JBR,Ridge,22,5.884931596425885,3.6451675615011996
PCSB,Jumeriah Beach Residence  - JBR,Ridge,26,6.467901305254571,4.40900333475524
PCSB,Jumeriah Beach Residence  - JBR,Ridge,30,7.029781514378383,4.318224876932022
PCSB,Jumeriah Beach Residence  - JBR,Ridge,34,7.717470459225173,3.602408760412345
PCSB,Mudon,Ridge,2,0.5562188353259205,0.2397767996748567
PCSB,Mudon,Ridge,6,1.2509011142226156,0.5022242759190426
PCSB,Mudon,Ridge,10,1.933636297814895,0.872611917213008
PCSB,Mudon,Ridge,14,2.5156146234931764,1.3249107100237079
PCSB,Mudon,Ridge,18,3.010209898737172,1.7626731928936925
PCSB,Mudon,Ridge,22,3.4131922623729025,2.074056074262694
PCSB,Mudon,Ridge,26,3.7878298263832506,2.349759293629173
PCSB,Mudon,Ridge,30,4.096911328894624,2.657028978332704
PCSB,Mudon,Ridge,34,4.758302940199533,3.0040755602353366
PCSB,Palm Jumeirah,Ridge,2,2.003114332027084,0.6692179781907254
PCSB,Palm Jumeirah,Ridge,6,4.666605975508041,1.8693812191920507
PCSB,Palm Jumeirah,Ridge,10,5.646240846623045,2.5242907481354493
PCSB,Palm Jumeirah,Ridge,14,6.621972489030661,2.8141375977465724
PCSB,Palm Jumeirah,Ridge,18,7.345850405682732,3.040957693041952
PCSB,Palm Jumeirah,Ridge,22,7.096038459946804,3.608707667012806
PCSB,Palm Jumeirah,Ridge,26,7.099701878930577,4.25198902471092
PCSB,Palm Jumeirah,Ridge,30,7.286824644948345,4.473064018913133
PCSB,Palm Jumeirah,Ridge,34,7.94100845357681,4.443101060810584
PCSB,Silicon Oasis,Ridge,2,0.5885503884608172,0.4193284054489986
PCSB,Silicon Oasis,Ridge,6,1.100455882823868,0.5234124400523075
PCSB,Silicon Oasis,Ridge,10,1.2419363188322765,0.5808866082669956
PCSB,Silicon Oasis,Ridge,14,1.3580139444031603,0.7545125637046743
PCSB,Silicon Oasis,Ridge,18,1.453693202413922,0.9249213870035595
PCSB,Silicon Oasis,Ridge,22,1.5072052676184713,0.8963564799176933
PCSB,Silicon Oasis,Ridge,26,1.425574168243864,0.5555520644645625
PCSB,Silicon Oasis,Ridge,30,1.486296879795391,0.4394758795105233
PCSB,Silicon Oasis,Ridge,34,1.6737771563771675,0.33603780301131414
PCSB,The Greens,Ridge,2,0.450514470146789,0.21288403243390516
PCSB,The Greens,Ridge,6,0.9696814444938303,0.4998416680402443
PCSB,The Greens,Ridge,10,1.5109805671491228,0.7925768844850868
PCSB,The Greens,Ridge,14,1.9546309376215145,1.0028991856320622
PCSB,The Greens,Ridge,18,2.2546086315526175,1.2568580768571416
PCSB,The Greens,Ridge,22,2.407113619890216,1.580151692311579
PCSB,The Greens,Ridge,26,2.3997513590902053,1.8280264520189053
PCSB,The Greens,Ridge,30,2.393697961954657,1.8447653814510192
PCSB,The Greens,Ridge,34,2.7656348626368947,1.7157042823956814
PCSBI,Business Bay,Ridge,2,2.9345260037233984,0.7522058338691883
PCSBI,Business Bay,Ridge,6,5.260133082328918,1.785446081895338
PCSBI,Business Bay,Ridge,10,5.887346259950904,2.67538203777105
PCSBI,Business Bay,Ridge,14,6.262878143447008,3.6845760474418445
PCSBI,Business Bay,Ridge,18,6.74744386296356,3.484445429024975
PCSBI,Business Bay,Ridge,22,6.616612674213846,2.922779993152164
PCSBI,Business Bay,Ridge,26,6.256640084365883,2.7569705276539316
PCSBI,Business Bay,Ridge,30,6.027541473799434,2.969248054423101
PCSBI,Business Bay,Ridge,34,7.025552793063081,3.0104907524846656
PCSBI,DAMAC HILLS 2,Ridge,2,0.49180654481969943,0.5079327104050809
PCSBI,DAMAC HILLS 2,Ridge,6,0.9981181066642122,1.0316703309620792
PCSBI,DAMAC HILLS 2,Ridge,10,1.451439423668615,1.5559755847291232
PCSBI,DAMAC HILLS 2,Ridge,14,1.8596422687700709,2.118235839083836
PCSBI,DAMAC HILLS 2,Ridge,18,2.1643339480454777,2.3542136279438517
PCSBI,DAMAC HILLS 2,Ridge,22,2.3858576544220416,2.3308635596303713
PCSBI,DAMAC HILLS 2,Ridge,26,2.511182133224449,2.1825000796547496
PCSBI,DAMAC HILLS 2,Ridge,30,2.5476475922141972,2.0543711798661533
PCSBI,DAMAC HILLS 2,Ridge,34,2.53671291378537,2.068856774170687
PCSBI,DAMAC HILLS,Ridge,2,1.8004538041241822,0.46981622271042567
PCSBI,DAMAC HILLS,Ridge,6,4.2065263517676685,1.373403042580852
PCSBI,DAMAC HILLS,Ridge,10,5.890277058986366,2.0642601263365927
PCSBI,DAMAC HILLS,Ridge,14,6.361008130787824,2.2522700354201404
PCSBI,DAMAC HILLS,Ridge,18,6.2651030603452185,2.6435110099636323
PCSBI,DAMAC HILLS,Ridge,22,6.352921459070495,2.6016404932901094
PCSBI,DAMAC HILLS,Ridge,26,6.360451767849421,2.1096035885864595
PCSBI,DAMAC HILLS,Ridge,30,6.173463774408279,2.6262293449496905
PCSBI,DAMAC HILLS,Ridge,34,5.962207219555569,3.220266497504814
PCSBI,TOWN SQUARE,Ridge,2,1.5243675678880801,0.6139515600098381
PCSBI,TOWN SQUARE,Ridge,6,3.746861894597056,1.9877581252838636
PCSBI,TOWN SQUARE,Ridge,10,4.918821921849124,3.0907325264918155
PCSBI,TOWN SQUARE,Ridge,14,5.229483056321672,3.5145226430553724
PCSBI,TOWN SQUARE,Ridge,18,5.302772387583965,3.4893487805748578
PCSBI,TOWN SQUARE,Ridge,22,5.522527492348351,3.6047869339576786
PCSBI,TOWN SQUARE,Ridge,26,6.153389860244506,3.8445338596061216
PCSBI,TOWN SQUARE,Ridge,30,6.649384815627752,4.23993473796786
PCSBI,TOWN SQUARE,Ridge,34,7.639666006242114,4.114846966556652
PCSBI,DownTown Dubai,Ridge,2,1.8595806592118849,0.8826577697197477
PCSBI,DownTown Dubai,Ridge,6,3.5120035379110477,1.7724773708361858
PCSBI,DownTown Dubai,Ridge,10,4.082933654231878,2.1165162096938612
PCSBI,DownTown Dubai,Ridge,14,4.388564037394001,2.5711586435619176
PCSBI,DownTown Dubai,Ridge,18,4.398990431831517,3.1083915376269906
PCSBI,DownTown Dubai,Ridge,22,4.545705250179816,3.7307420990842335
PCSBI,DownTown Dubai,Ridge,26,5.534752472107149,4.23426859745842
PCSBI,DownTown Dubai,Ridge,30,6.531573812093038,4.102598564895443
PCSBI,DownTown Dubai,Ridge,34,7.359933819294004,3.077112014558617
PCSBI,Dubai Creek Harbour,Ridge,2,0.6637238690843082,0.4292261915991672
PCSBI,Dubai Creek Harbour,Ridge,6,1.346111464447239,0.8994360983848728
PCSBI,Dubai Creek Harbour,Ridge,10,1.7981604093663144,1.0899076999519994
PCSBI,Dubai Creek Harbour,Ridge,14,1.9411118345206577,1.0112187358097462
PCSBI,Dubai Creek Harbour,Ridge,18,2.1802081237764623,1.171778771747933
PCSBI,Dubai Creek Harbour,Ridge,22,2.311606838245555,1.2571590291465617
PCSBI,Dubai Creek Harbour,Ridge,26,2.35419896339493,1.2372435694682409
PCSBI,Dubai Creek Harbour,Ridge,30,2.3012408847496557,1.4571605034536184
PCSBI,Dubai Creek Harbour,Ridge,34,2.7103866756108044,1.6578532865974653
PCSBI,Dubai Marina,Ridge,2,2.3767164676076815,0.70493902397813
PCSBI,Dubai Marina,Ridge,6,4.511663735000355,1.6652726177573134
PCSBI,Dubai Marina,Ridge,10,4.673203817575934,2.5422829968490817
PCSBI,Dubai Marina,Ridge,14,5.472994563956904,3.843602556618173
PCSBI,Dubai Marina,Ridge,18,6.16274378294913,4.646232167081867
PCSBI,Dubai Marina,Ridge,22,6.387348535000117,4.780376301670548
PCSBI,Dubai Marina,Ridge,26,6.987591863995577,4.6828476991097165
PCSBI,Dubai Marina,Ridge,30,7.739944021245448,5.300212539087734
PCSBI,Dubai Marina,Ridge,34,7.925625263952035,5.148005490107473
PCSBI,Dubai South Residential District,Ridge,2,0.5790531638925229,0.25440396812467786
PCSBI,Dubai South Residential District,Ridge,6,1.2584920938272952,0.8175870913545332
PCSBI,Dubai South Residential District,Ridge,10,1.8135730838640853,1.3288064703815996
PCSBI,Dubai South Residential District,Ridge,14,2.3282378261078516,1.7288992193035435
PCSBI,Dubai South Residential District,Ridge,18,2.5920121547857997,1.986368040648916
PCSBI,Dubai South Residential District,Ridge,22,2.955146359141753,2.36941041777209
PCSBI,Dubai South Residential District,Ridge,26,3.3421773740773566,2.6653445351381233
PCSBI,Dubai South Residential District,Ridge,30,3.6785625681642764,2.874123846658884
PCSBI,Dubai South Residential District,Ridge,34,4.081315377088473,2.8826111969942887
PCSBI,Dubai Sports City,Ridge,2,1.095349758307815,0.7249033872695293
PCSBI,Dubai Sports City,Ridge,6,2.527367511810089,1.8306640720140706
PCSBI,Dubai Sports City,Ridge,10,3.4486680169288904,2.639594171192433
PCSBI,Dubai Sports City,Ridge,14,4.053113497061518,2.862235786186327
PCSBI,Dubai Sports City,Ridge,18,4.639632462599353,3.109705906233191
PCSBI,Dubai Sports City,Ridge,22,5.329100370803255,3.368723625771684
PCSBI,Dubai Sports City,Ridge,26,5.745775795960901,3.737515559188581
PCSBI,Dubai Sports City,Ridge,30,6.331807769726914,3.704894869765173
PCSBI,Dubai Sports City,Ridge,34,6.2955402820763275,3.1632070142449735
PCSBI,Al Furjan,Ridge,2,2.5395543678239156,1.1448478242602376
PCSBI,Al Furjan,Ridge,6,5.124108612214036,2.4853391005856347
PCSBI,Al Furjan,Ridge,10,5.828042208017069,3.0677604121218955
PCSBI,Al Furjan,Ridge,14,6.408648210327871,3.4986206637782513
PCSBI,Al Furjan,Ridge,18,5.885771111811353,3.3610558886979076
PCSBI,Al Furjan,Ridge,22,5.23377245888296,2.420919906096957
PCSBI,Al Furjan,Ridge,26,5.383624531369419,2.854635965976666
PCSBI,Al Furjan,Ridge,30,5.94121491017709,3.313304659175879
PCSBI,Al Furjan,Ridge,34,6.414629834994451,3.978109101900522
PCSBI,International City Phase 1,Ridge,2,0.7175454240283791,0.172272013765823
PCSBI,International City Phase 1,Ridge,6,1.5659472884566397,0.5821109763197454
PCSBI,International City Phase 1,Ridge,10,2.2415206206378357,1.0657307516637085
PCSBI,International City Phase 1,Ridge,14,3.0646919837411577,1.5967451912291741
PCSBI,International City Phase 1,Ridge,18,3.9117334316242824,1.9798318874944807
PCSBI,International City Phase 1,Ridge,22,4.394400995990143,2.3559635581303233
PCSBI,International City Phase 1,Ridge,26,4.635265222090546,2.7880054247311645
PCSBI,International City Phase 1,Ridge,30,5.311421747062025,3.1269826855284317
PCSBI,International City Phase 1,Ridge,34,6.34784654152176,3.679408843536448
PCSBI,Jumeirah Lakes Towers,Ridge,2,1.2379871920598382,0.3611116353669332
PCSBI,Jumeirah Lakes Towers,Ridge,6,2.4584019178962984,0.9947526608889173
PCSBI,Jumeirah Lakes Towers,Ridge,10,2.9251940004965897,1.5183255629034786
PCSBI,Jumeirah Lakes Towers,Ridge,14,3.791381570442627,1.4786195131617272
PCSBI,Jumeirah Lakes Towers,Ridge,18,4.110265594107133,1.6479225502496284
PCSBI,Jumeirah Lakes Towers,Ridge,22,4.871652422539568,1.923233635906802
PCSBI,Jumeirah Lakes Towers,Ridge,26,5.721306887191923,2.5454788695142914
PCSBI,Jumeirah Lakes Towers,Ridge,30,6.206286330052135,3.3626256939110477
PCSBI,Jumeirah Lakes Towers,Ridge,34,6.558749117831152,3.51931357293548
PCSBI,Jumeirah Village Circle,Ridge,2,1.8854969127100891,0.8076379389329531
PCSBI,Jumeirah Village Circle,Ridge,6,3.2294004243214274,2.153003976989141
PCSBI,Jumeirah Village Circle,Ridge,10,3.127147950043009,1.4890218081717137
PCSBI,Jumeirah Village Circle,Ridge,14,2.9394921541571573,0.9938935184806288
PCSBI,Jumeirah Village Circle,Ridge,18,2.90861090978833,1.1639777732036218
PCSBI,Jumeirah Village Circle,Ridge,22,3.2129047736806546,1.3265743571825197
PCSBI,Jumeirah Village Circle,Ridge,26,3.3044112274116464,2.0903662036396082
PCSBI,Jumeirah Village Circle,Ridge,30,3.5161706477875527,2.4266778763139505
PCSBI,Jumeirah Village Circle,Ridge,34,3.679208257579963,2.4068323939683713
PCSBI,Jumeirah Village Triangle,Ridge,2,2.001989344130326,1.1885124255768607
PCSBI,Jumeirah Village Triangle,Ridge,6,4.209321525799689,2.7636716926748366
PCSBI,Jumeirah Village Triangle,Ridge,10,5.819561880687127,4.292014790049967
PCSBI,Jumeirah Village Triangle,Ridge,14,6.819448104198298,5.006042378417321
PCSBI,Jumeirah Village Triangle,Ridge,18,7.462801748122128,5.81075218820172
PCSBI,Jumeirah Village Triangle,Ridge,22,7.6690504338494865,5.8958565067468385
PCSBI,Jumeirah Village Triangle,Ridge,26,8.076305432042671,5.500982978645199
PCSBI,Jumeirah Village Triangle,Ridge,30,8.554522747347079,4.958313032204724
PCSBI,Jumeirah Village Triangle,Ridge,34,10.139376745718625,4.3098598585505785
PCSBI,Jumeriah Beach Residence  - JBR,Ridge,2,0.9052879901703161,0.35975960865774637
PCSBI,Jumeriah Beach Residence  - JBR,Ridge,6,2.0589556301730765,0.9553170022426773
PCSBI,Jumeriah Beach Residence  - JBR,Ridge,10,3.3224675397969063,1.6028535910746893
PCSBI,Jumeriah Beach Residence  - JBR,Ridge,14,4.394879188993447,2.2338194017564397
PCSBI,Jumeriah Beach Residence  - JBR,Ridge,18,5.418214520702975,2.9684476399302016
PCSBI,Jumeriah Beach Residence  - JBR,Ridge,22,5.997723921538256,4.063667452177276
PCSBI,Jumeriah Beach Residence  - JBR,Ridge,26,6.267171921063026,5.18919336016534
PCSBI,Jumeriah Beach Residence  - JBR,Ridge,30,6.354630187069051,5.599521313202565
PCSBI,Jumeriah Beach Residence  - JBR,Ridge,34,6.932846002051485,5.032709043948101
PCSBI,Mudon,Ridge,2,0.499860871398569,0.18178615069630347
PCSBI,Mudon,Ridge,6,1.1224066106655586,0.425124800279249
PCSBI,Mudon,Ridge,10,1.6226158397735388,0.7103616074605255
PCSBI,Mudon,Ridge,14,2.099993216291382,1.0343460694095776
PCSBI,Mudon,Ridge,18,2.4624161990572815,1.2083533794879964
PCSBI,Mudon,Ridge,22,2.701409192310538,1.380760595029032
PCSBI,Mudon,Ridge,26,2.9167330787981807,1.6490661967315303
PCSBI,Mudon,Ridge,30,3.0223091291165085,1.9542909566904183
PCSBI,Mudon,Ridge,34,3.4797595419258864,2.136234436804118
PCSBI,Palm Jumeirah,Ridge,2,2.081130568259222,0.49879256261228005
PCSBI,Palm Jumeirah,Ridge,6,4.761856144085275,1.3991896886270698
PCSBI,Palm Jumeirah,Ridge,10,5.666717447419063,2.240654259032971
PCSBI,Palm Jumeirah,Ridge,14,6.71971244677586,2.610703493289248
PCSBI,Palm Jumeirah,Ridge,18,7.619589982703545,2.643760971717103
PCSBI,Palm Jumeirah,Ridge,22,7.644355094940619,3.2302231993992048
PCSBI,Palm Jumeirah,Ridge,26,8.092352565302646,4.173377300210622
PCSBI,Palm Jumeirah,Ridge,30,7.8994570490027884,4.6557709058102965
PCSBI,Palm Jumeirah,Ridge,34,8.402318162759308,3.9668951304287723
PCSBI,Silicon Oasis,Ridge,2,0.6586171496598135,0.4455218479387153
PCSBI,Silicon Oasis,Ridge,6,1.2744347937395908,0.6031309751253185
PCSBI,Silicon Oasis,Ridge,10,1.4765301575238858,0.5624092929187741
PCSBI,Silicon Oasis,Ridge,14,1.7213928322373786,0.8286105122959113
PCSBI,Silicon Oasis,Ridge,18,1.8628882002428366,1.1706147372831195
PCSBI,Silicon Oasis,Ridge,22,1.897736539886203,1.104772158196438
PCSBI,Silicon Oasis,Ridge,26,1.6657459658898364,0.7477953431494465
PCSBI,Silicon Oasis,Ridge,30,1.6749090424814668,0.6958678116133933
PCSBI,Silicon Oasis,Ridge,34,1.821376223949348,0.530178240771124
PCSBI,The Greens,Ridge,2,0.5388129535545007,0.19146024756018062
PCSBI,The Greens,Ridge,6,1.2320660591842736,0.4478914426668728
PCSBI,The Greens,Ridge,10,1.8890373746739129,0.7249408223708924
PCSBI,The Greens,Ridge,14,2.434910257254786,0.87625089024715
PCSBI,The Greens,Ridge,18,2.850679911071267,1.0125315500263619
PCSBI,The Greens,Ridge,22,3.111672917221473,1.4007905981170525
PCSBI,The Greens,Ridge,26,3.198649825441707,1.7538275680788145
PCSBI,The Greens,Ridge,30,3.3111023959304666,1.8651445029308849
PCSBI,The Greens,Ridge,34,3.8508917495230617,1.6602729132374594
PCSBIG,Business Bay,Ridge,2,3.256868827111738,1.1085797943246738
PCSBIG,Business Bay,Ridge,6,5.967391988993437,3.218265120754021
PCSBIG,Business Bay,Ridge,10,7.699212966530307,5.087641100992684
PCSBIG,Business Bay,Ridge,14,7.168688977925197,5.987862465827323
PCSBIG,Business Bay,Ridge,18,6.9273085518863935,5.174107543109567
PCSBIG,Business Bay,Ridge,22,6.271586126293342,4.246230604203368
PCSBIG,Business Bay,Ridge,26,5.414838880858005,2.868983293925948
PCSBIG,Business Bay,Ridge,30,5.001103680932256,2.7564342653316203
PCSBIG,Business Bay,Ridge,34,5.9121945690917235,2.3312353396528653
PCSBIG,DAMAC HILLS 2,Ridge,2,0.6202472157516743,0.5128188900662736
PCSBIG,DAMAC HILLS 2,Ridge,6,1.2859723529637224,1.094121155785271
PCSBIG,DAMAC HILLS 2,Ridge,10,1.799083670100888,1.5209240930435224
PCSBIG,DAMAC HILLS 2,Ridge,14,2.2337174847541257,2.22348577651985
PCSBIG,DAMAC HILLS 2,Ridge,18,2.6460474522730686,2.562024378352167
PCSBIG,DAMAC HILLS 2,Ridge,22,2.8458852545421522,2.465016197628288
PCSBIG,DAMAC HILLS 2,Ridge,26,2.859581884298953,2.175995076964353
PCSBIG,DAMAC HILLS 2,Ridge,30,2.7889895782681995,1.866436775588702
PCSBIG,DAMAC HILLS 2,Ridge,34,2.7105656852569524,1.7326851331756212
PCSBIG,DAMAC HILLS,Ridge,2,1.9260811326765102,0.6287911880621444
PCSBIG,DAMAC HILLS,Ridge,6,4.748148741757779,1.951289508234336
PCSBIG,DAMAC HILLS,Ridge,10,6.6775649164220585,2.8899903724114373
PCSBIG,DAMAC HILLS,Ridge,14,6.9089102959571465,2.8522182075953992
PCSBIG,DAMAC HILLS,Ridge,18,6.078147904186501,3.1219563811569446
PCSBIG,DAMAC HILLS,Ridge,22,5.290717257072742,3.3477998154193944
PCSBIG,DAMAC HILLS,Ridge,26,5.428981353993537,2.7214404245192347
PCSBIG,DAMAC HILLS,Ridge,30,5.820312904938447,2.6804324158236352
PCSBIG,DAMAC HILLS,Ridge,34,6.24842985792221,3.1826224767342954
PCSBIG,TOWN SQUARE,Ridge,2,1.6113555990642348,0.503569032344025
PCSBIG,TOWN SQUARE,Ridge,6,4.0690442086636365,1.8092790330382738
PCSBIG,TOWN SQUARE,Ridge,10,5.201987901261039,3.021295609378237
PCSBIG,TOWN SQUARE,Ridge,14,5.349364049470881,3.2570624047612777
PCSBIG,TOWN SQUARE,Ridge,18,4.527735983794438,2.41840418857237
PCSBIG,TOWN SQUARE,Ridge,22,3.78460380077753,2.0047994802440106
PCSBIG,TOWN SQUARE,Ridge,26,3.9192559620833265,1.6876033809910855
PCSBIG,TOWN SQUARE,Ridge,30,4.218045038442649,1.5774021940057532
PCSBIG,TOWN SQUARE,Ridge,34,5.290667177459448,1.8190039531623028
PCSBIG,DownTown Dubai,Ridge,2,2.040911741567088,0.8654020614417797
PCSBIG,DownTown Dubai,Ridge,6,4.338867795136032,2.330986928289394
PCSBIG,DownTown Dubai,Ridge,10,5.27162094278167,2.555595391774948
PCSBIG,DownTown Dubai,Ridge,14,5.757286919322689,2.9296450455449135
PCSBIG,DownTown Dubai,Ridge,18,5.816027704103598,3.6162444752927465
PCSBIG,DownTown Dubai,Ridge,22,4.774764616689966,3.4177754251315258
PCSBIG,DownTown Dubai,Ridge,26,5.979225919107515,3.604059215343901
PCSBIG,DownTown Dubai,Ridge,30,7.574705401926103,4.889774070383492
PCSBIG,DownTown Dubai,Ridge,34,8.057338923009477,5.958391578628646
PCSBIG,Dubai Creek Harbour,Ridge,2,0.882220121999987,0.5423830774932579
PCSBIG,Dubai Creek Harbour,Ridge,6,1.8580827782052318,1.1772215080928843
PCSBIG,Dubai Creek Harbour,Ridge,10,2.208754678437759,1.1510840388676622
PCSBIG,Dubai Creek Harbour,Ridge,14,2.339716920912472,1.0394563594740278
PCSBIG,Dubai Creek Harbour,Ridge,18,2.6338064059578663,1.368043240968571
PCSBIG,Dubai Creek Harbour,Ridge,22,2.792114224422372,1.4463674692206616
PCSBIG,Dubai Creek Harbour,Ridge,26,2.8518298798225716,1.369051156260396
PCSBIG,Dubai Creek Harbour,Ridge,30,3.0241393672305596,1.5194722131565723
PCSBIG,Dubai Creek Harbour,Ridge,34,3.3472583727494745,1.7377347335973101
PCSBIG,Dubai Marina,Ridge,2,2.700491058397297,0.8981769757710654
PCSBIG,Dubai Marina,Ridge,6,5.080873790953669,2.3501972467810464
PCSBIG,Dubai Marina,Ridge,10,5.873968593436211,3.7131571841889026
PCSBIG,Dubai Marina,Ridge,14,6.938309063674758,4.723681091536646
PCSBIG,Dubai Marina,Ridge,18,8.051973357163554,5.701058877269012
PCSBIG,Dubai Marina,Ridge,22,8.559059694292149,6.389731508938048
PCSBIG,Dubai Marina,Ridge,26,9.11158224512371,6.36949919514224
PCSBIG,Dubai Marina,Ridge,30,9.359495437977396,6.396647403361923
PCSBIG,Dubai Marina,Ridge,34,9.40282731493473,5.16985531680232
PCSBIG,Dubai South Residential District,Ridge,2,0.7427700434951312,0.3484128802224573
PCSBIG,Dubai South Residential District,Ridge,6,1.5517271159188446,0.9651469258868748
PCSBIG,Dubai South Residential District,Ridge,10,2.170805077290957,1.3713965964030466
PCSBIG,Dubai South Residential District,Ridge,14,2.70156056016705,1.7238627671633244
PCSBIG,Dubai South Residential District,Ridge,18,2.772288240878289,2.17716221519211
PCSBIG,Dubai South Residential District,Ridge,22,3.115366097107183,2.7650770521345684
PCSBIG,Dubai South Residential District,Ridge,26,3.5312676178213493,3.1133026105427715
PCSBIG,Dubai South Residential District,Ridge,30,3.835339665185142,3.1475870476954086
PCSBIG,Dubai South Residential District,Ridge,34,4.5457168423078125,2.8383859038104133
PCSBIG,Dubai Sports City,Ridge,2,1.0598553957091736,0.5203464270030668
PCSBIG,Dubai Sports City,Ridge,6,2.236856127284823,1.0058259377691776
PCSBIG,Dubai Sports City,Ridge,10,3.0785046561795406,1.8589457120672983
PCSBIG,Dubai Sports City,Ridge,14,4.0266052807518005,2.2193256296710233
PCSBIG,Dubai Sports City,Ridge,18,5.031362905926509,2.2935791061611837
PCSBIG,Dubai Sports City,Ridge,22,5.622410076154136,2.289169087474747
PCSBIG,Dubai Sports City,Ridge,26,5.835752084863989,2.3209362775825637
PCSBIG,Dubai Sports City,Ridge,30,5.675725557072744,2.2776481815850937
PCSBIG,Dubai Sports City,Ridge,34,5.507447039570644,1.8673771232950265
PCSBIG,Al Furjan,Ridge,2,2.8441072632671136,1.2408230356805066
PCSBIG,Al Furjan,Ridge,6,5.763195410183075,3.1078027019623247
PCSBIG,Al Furjan,Ridge,10,7.219164632629945,4.178365294406845
PCSBIG,Al Furjan,Ridge,14,7.711727148888244,4.554831445511553
PCSBIG,Al Furjan,Ridge,18,6.468411833059191,3.838528174883427
PCSBIG,Al Furjan,Ridge,22,5.410011166706572,2.628125770431882
PCSBIG,Al Furjan,Ridge,26,5.626506368339547,2.3274533990927773
PCSBIG,Al Furjan,Ridge,30,5.74476745862546,3.903484853796955
PCSBIG,Al Furjan,Ridge,34,6.271123596288784,5.511335932758663
PCSBIG,International City Phase 1,Ridge,2,0.8462821115524181,0.1676792904714939
PCSBIG,International City Phase 1,Ridge,6,1.8175047042236756,0.5627089667360708
PCSBIG,International City Phase 1,Ridge,10,2.5926803256726823,1.0314470365791244
PCSBIG,International City Phase 1,Ridge,14,3.3327977769638863,1.5035345916644138
PCSBIG,International City Phase 1,Ridge,18,3.8080277071825996,1.6147561813447922
PCSBIG,International City Phase 1,Ridge,22,4.144757677283845,1.4882721064326954
PCSBIG,International City Phase 1,Ridge,26,4.333837368275369,1.5621019586000837
PCSBIG,International City Phase 1,Ridge,30,4.394817897617366,2.08686230298075
PCSBIG,International City Phase 1,Ridge,34,4.70445873714683,2.367407859851715
PCSBIG,Jumeirah Lakes Towers,Ridge,2,1.3975150335267748,0.6269743061781118
PCSBIG,Jumeirah Lakes Towers,Ridge,6,2.6554957170033697,1.5802213719141955
PCSBIG,Jumeirah Lakes Towers,Ridge,10,3.1741101818758426,1.8538960560132451
PCSBIG,Jumeirah Lakes Towers,Ridge,14,3.6535465341330964,1.7281763152319545
PCSBIG,Jumeirah Lakes Towers,Ridge,18,4.1219191954055665,2.1616757829510056
PCSBIG,Jumeirah Lakes Towers,Ridge,22,5.4647116881444875,2.008623198163362
PCSBIG,Jumeirah Lakes Towers,Ridge,26,6.369693413110972,2.315482524799315
PCSBIG,Jumeirah Lakes Towers,Ridge,30,6.3192382888940575,3.3397221493885114
PCSBIG,Jumeirah Lakes Towers,Ridge,34,6.8930743551217715,4.38269114980588
PCSBIG,Jumeirah Village Circle,Ridge,2,2.292791864846632,0.9323041830505354
PCSBIG,Jumeirah Village Circle,Ridge,6,3.7180329111129806,1.79584808774723
PCSBIG,Jumeirah Village Circle,Ridge,10,3.459827065741538,0.977977268742411
PCSBIG,Jumeirah Village Circle,Ridge,14,3.57297914455376,1.1023367167111238
PCSBIG,Jumeirah Village Circle,Ridge,18,4.117125840724265,1.5519784579127487
PCSBIG,Jumeirah Village Circle,Ridge,22,4.592412716352241,2.030126725056898
PCSBIG,Jumeirah Village Circle,Ridge,26,4.733225825521341,3.096769880482664
PCSBIG,Jumeirah Village Circle,Ridge,30,4.676694296005973,3.063141058176125
PCSBIG,Jumeirah Village Circle,Ridge,34,5.221001789155639,2.8867798732927388
PCSBIG,Jumeirah Village Triangle,Ridge,2,2.074086187990859,1.2841822606416977
PCSBIG,Jumeirah Village Triangle,Ridge,6,4.1400391988768055,2.4272940574192887
PCSBIG,Jumeirah Village Triangle,Ridge,10,5.5936222587854,3.269047115620961
PCSBIG,Jumeirah Village Triangle,Ridge,14,6.6488992425769595,4.007914793028669
PCSBIG,Jumeirah Village Triangle,Ridge,18,6.882436218994722,4.658164795748303
PCSBIG,Jumeirah Village Triangle,Ridge,22,6.632377077099744,3.9941831192223236
PCSBIG,Jumeirah Village Triangle,Ridge,26,6.331405891762578,2.4750956316196837
PCSBIG,Jumeirah Village Triangle,Ridge,30,6.795667897812658,2.4640801378088946
PCSBIG,Jumeirah Village Triangle,Ridge,34,7.579743334844043,3.241316650111347
PCSBIG,Jumeriah Beach Residence  - JBR,Ridge,2,0.9107561213168213,0.3560221801530285
PCSBIG,Jumeriah Beach Residence  - JBR,Ridge,6,1.9729737129587648,1.0687217818423906
PCSBIG,Jumeriah Beach Residence  - JBR,Ridge,10,3.2519373084219474,2.0175519711147625
PCSBIG,Jumeriah Beach Residence  - JBR,Ridge,14,4.3453909873407826,2.794545391728702
PCSBIG,Jumeriah Beach Residence  - JBR,Ridge,18,5.1828170025230005,3.2810082325131216
PCSBIG,Jumeriah Beach Residence  - JBR,Ridge,22,5.613607171876316,3.487480722514309
PCSBIG,Jumeriah Beach Residence  - JBR,Ridge,26,5.657215734492772,3.953733189041476
PCSBIG,Jumeriah Beach Residence  - JBR,Ridge,30,5.649843130832114,3.7518295505901724
PCSBIG,Jumeriah Beach Residence  - JBR,Ridge,34,5.62774446913955,3.7498858035310874
PCSBIG,Mudon,Ridge,2,0.6624312212570296,0.21759617780173862
PCSBIG,Mudon,Ridge,6,1.4635332058847346,0.5280634506125852
PCSBIG,Mudon,Ridge,10,2.1745222546796494,0.9564093100427004
PCSBIG,Mudon,Ridge,14,2.7333061372404575,1.212905399181816
PCSBIG,Mudon,Ridge,18,3.095366433413703,1.3028335789008547
PCSBIG,Mudon,Ridge,22,3.310778396885202,1.3311039565658704
PCSBIG,Mudon,Ridge,26,3.4403788398785267,1.5648276525870306
PCSBIG,Mudon,Ridge,30,3.5899799287280354,1.9025654010579784
PCSBIG,Mudon,Ridge,34,4.001104070777629,2.350564955783449
PCSBIG,Palm Jumeirah,Ridge,2,2.058348907721618,0.511902986943873
PCSBIG,Palm Jumeirah,Ridge,6,4.47217262806914,1.3958216383577218
PCSBIG,Palm Jumeirah,Ridge,10,5.5834673764432745,2.435392200320962
PCSBIG,Palm Jumeirah,Ridge,14,6.536028596895247,2.7464199068852477
PCSBIG,Palm Jumeirah,Ridge,18,7.396450977369879,3.7110617123575302
PCSBIG,Palm Jumeirah,Ridge,22,7.496648180290128,4.757009466395997
PCSBIG,Palm Jumeirah,Ridge,26,8.924382785244964,5.268159567343126
PCSBIG,Palm Jumeirah,Ridge,30,9.578429184102964,5.412406511484841
PCSBIG,Palm Jumeirah,Ridge,34,9.30623188591646,3.779626522882876
PCSBIG,Silicon Oasis,Ridge,2,0.7987685477233393,0.4450978060376321
PCSBIG,Silicon Oasis,Ridge,6,1.5147024509144944,0.5970681313713063
PCSBIG,Silicon Oasis,Ridge,10,1.75738265063253,0.6201009722945159
PCSBIG,Silicon Oasis,Ridge,14,1.8179827201767398,0.885146895687041
PCSBIG,Silicon Oasis,Ridge,18,1.9049976475428754,1.3277098512726746
PCSBIG,Silicon Oasis,Ridge,22,2.334792875136615,1.1721324619810807
PCSBIG,Silicon Oasis,Ridge,26,2.254279049936895,0.960851246448777
PCSBIG,Silicon Oasis,Ridge,30,2.095460867644726,0.7837188132961179
PCSBIG,Silicon Oasis,Ridge,34,2.0158875479070733,0.6388683932314372
PCSBIG,The Greens,Ridge,2,0.5819716959451422,0.1984145586858209
PCSBIG,The Greens,Ridge,6,1.3011592373909533,0.49378731898480277
PCSBIG,The Greens,Ridge,10,1.943381381576772,0.8556405884884972
PCSBIG,The Greens,Ridge,14,2.4021169709119348,1.1264639710355289
PCSBIG,The Greens,Ridge,18,2.635804441764246,1.2641481643147847
PCSBIG,The Greens,Ridge,22,2.822247199601888,1.3985581133265665
PCSBIG,The Greens,Ridge,26,2.925784832508941,1.5163388713496393
PCSBIG,The Greens,Ridge,30,3.062457190073416,1.5464832373049193
PCSBIG,The Greens,Ridge,34,3.497007126286103,1.5109276910268001
