date,Business Bay,DAMAC HILLS 2,DAMAC HILLS,TOWN SQUARE,DownTown Dubai,Dubai Creek Harbour,Dubai Marina,Dubai South Residential District,Dubai Sports City,Al Furjan,International City Phase 1,Jumeirah Lakes Towers,Jumeirah Village Circle,Jumeirah Village Triangle,Jumeriah Beach Residence  - JBR,Mudon,Palm Jumeirah,Silicon Oasis,The Greens,Global
2015-09-06,67.625,2.375,4.125,23.625,53.5,1.375,50.375,2.125,43.25,15.0,44.375,58.25,52.0,9.375,11.75,23.5,36.0,55.625,22.75,577.0
2015-09-13,78.125,4.875,9.25,24.625,53.625,1.375,52.5,2.125,53.25,20.75,47.625,61.5,58.5,11.75,12.75,31.125,38.125,58.25,23.875,644.0
2015-09-20,83.625,17.5,9.5,29.125,56.375,1.375,61.0,2.125,57.0,22.75,53.0,66.375,59.5,10.875,13.5,35.875,42.125,66.5,23.75,711.875
2015-09-27,78.0,19.0,9.75,32.25,55.5,1.375,60.5,2.125,57.625,22.5,52.5,62.0,57.75,9.875,12.875,38.0,37.625,64.625,22.25,696.125
2015-10-04,77.5,24.0,10.75,45.625,54.875,1.25,63.125,2.125,60.125,21.125,50.0,61.625,58.25,10.875,13.5,39.125,40.875,50.125,22.5,707.375
2015-10-11,76.125,27.0,13.5,50.875,48.375,1.25,65.25,2.125,60.375,21.25,50.0,65.125,55.875,11.125,13.5,50.75,43.0,44.75,24.125,724.375
2015-10-18,75.375,26.25,14.875,48.875,42.625,0.0,64.875,0.375,53.375,26.375,46.625,64.125,53.25,11.75,12.875,55.75,40.875,41.25,21.75,701.25
2015-10-25,66.0,26.625,14.0,45.375,43.625,0.0,64.125,0.25,54.75,26.5,44.625,59.375,51.625,12.875,12.625,52.375,43.5,37.25,21.75,677.25
2015-11-01,68.125,26.5,13.375,42.5,43.875,0.375,55.625,0.25,52.875,22.875,43.375,53.875,50.125,12.375,10.625,43.0,45.75,32.375,19.75,637.625
2015-11-08,60.5,23.5,14.375,51.75,43.5,1.875,56.375,0.125,43.25,18.0,42.75,49.25,46.75,10.5,10.625,34.875,45.75,31.375,20.25,605.375
2015-11-15,61.5,18.625,23.5,74.875,46.25,2.25,54.375,0.875,40.625,17.5,41.375,45.875,50.75,10.25,10.25,30.25,47.375,30.375,20.75,627.625
2015-11-22,69.625,22.5,33.875,88.125,51.5,2.75,58.875,1.0,69.25,18.25,45.625,51.0,51.75,11.0,10.625,31.25,52.25,35.625,22.625,727.5
2015-11-29,74.625,21.375,40.0,91.125,60.75,3.0,62.0,1.875,87.625,19.375,50.0,50.625,57.625,9.75,9.75,29.0,54.375,34.5,22.375,779.75
2015-12-06,70.25,18.625,38.375,86.125,58.75,4.0,58.0,2.0,85.75,18.0,53.625,44.75,55.375,8.75,9.375,16.75,52.375,35.25,19.875,736.0
2015-12-13,71.875,19.125,38.75,133.25,66.875,4.125,64.0,2.375,96.0,13.25,57.875,45.125,56.375,8.75,11.0,12.25,55.375,39.0,22.5,817.875
2015-12-20,67.25,23.0,41.375,143.625,69.25,5.125,65.125,2.625,104.0,13.625,61.625,48.0,54.875,8.5,10.25,9.625,51.875,44.75,22.5,847.0
2015-12-27,63.25,31.75,41.0,152.125,69.0,5.125,69.25,2.625,111.5,17.75,65.0,48.25,55.875,9.25,12.875,13.875,47.0,49.5,24.375,889.375
2016-01-03,66.625,38.875,37.375,144.5,70.0,3.875,70.875,2.625,123.375,28.375,61.875,48.875,55.875,9.375,12.875,17.0,45.75,50.375,22.625,911.125
2016-01-10,62.125,36.625,31.375,117.25,65.375,3.875,67.375,2.0,123.5,30.0,61.75,52.0,51.375,11.0,13.25,18.75,42.125,44.125,22.5,856.375
2016-01-17,61.125,41.125,23.375,103.375,61.0,3.625,63.75,1.875,101.375,30.25,58.25,49.75,50.0,10.0,12.25,16.75,38.125,39.75,20.875,786.625
2016-01-24,56.375,45.0,16.25,86.875,51.875,3.375,58.875,1.0,81.875,30.625,58.125,49.0,43.625,11.0,13.25,17.875,32.75,40.125,21.125,719.0
2016-01-31,66.0,53.625,18.5,87.25,55.125,3.0,66.0,1.125,83.5,32.0,58.125,51.75,50.375,12.375,13.5,18.75,36.875,45.625,25.375,778.875
2016-02-07,73.0,67.125,18.75,55.5,51.625,4.5,64.875,1.25,79.75,31.75,55.625,48.625,50.375,12.875,12.125,17.75,36.125,51.125,25.625,758.375
2016-02-14,82.25,78.875,17.875,42.5,55.0,3.625,65.5,1.125,70.5,31.875,53.125,46.25,54.375,13.0,13.0,19.75,35.5,51.375,24.375,759.875
2016-02-21,84.75,79.375,18.125,37.625,59.75,3.375,64.0,1.25,64.5,26.375,48.875,50.125,54.625,12.75,11.875,16.875,35.375,52.625,21.25,743.5
2016-02-28,88.5,77.125,16.375,45.125,61.0,10.25,62.5,1.375,54.0,15.875,50.5,52.375,54.75,12.5,13.875,14.0,35.375,78.0,21.5,765.0
2016-03-06,88.125,72.375,13.625,46.875,60.375,9.875,61.5,1.25,55.25,15.375,47.75,49.375,57.5,11.75,13.375,12.625,34.375,81.375,20.875,753.625
2016-03-13,85.125,62.875,10.75,44.625,58.875,9.625,63.125,1.125,55.25,15.75,51.0,51.625,59.375,12.75,14.0,12.25,33.875,82.625,22.25,746.875
2016-03-20,83.625,56.25,11.125,47.125,60.125,12.625,65.375,1.125,56.5,14.375,50.125,51.125,59.75,11.625,14.75,11.125,34.0,85.25,22.75,748.75
2016-03-27,78.0,47.625,7.875,46.625,58.5,13.125,61.5,0.875,58.5,16.0,50.25,52.125,56.5,10.125,15.125,11.125,30.125,80.625,20.375,715.0
2016-04-03,74.25,33.25,6.25,25.0,59.625,12.5,58.125,0.375,54.25,16.875,49.375,51.875,57.25,10.75,16.5,10.625,28.0,73.875,19.0,657.75
2016-04-10,59.875,17.375,4.625,21.5,53.0,12.625,55.75,0.25,55.75,15.5,49.25,52.5,51.375,10.375,17.0,8.125,30.25,68.5,18.375,602.0
2016-04-17,59.75,26.125,6.75,19.75,48.75,13.75,55.625,0.25,56.5,17.125,52.125,48.375,52.875,10.125,16.375,6.625,29.625,63.625,18.25,602.375
2016-04-24,58.625,33.75,8.125,10.125,48.375,6.625,58.5,0.25,56.5,29.25,51.875,48.0,57.375,12.0,14.875,7.25,29.875,46.125,17.75,595.25
2016-05-01,69.75,42.625,9.625,11.375,53.0,10.125,62.25,1.25,56.625,54.25,54.0,50.625,56.75,11.25,14.25,6.75,32.625,51.0,16.75,664.875
2016-05-08,66.5,44.75,10.0,12.875,60.375,25.375,59.875,3.75,50.125,60.125,51.375,48.75,56.25,10.25,14.625,7.125,33.125,52.125,16.5,683.875
2016-05-15,69.0,45.5,9.875,13.375,59.875,28.0,59.25,5.5,48.875,62.375,51.375,51.875,55.125,11.0,13.5,7.375,33.125,53.75,16.625,695.375
2016-05-22,67.75,46.125,10.0,14.5,60.75,27.125,58.625,5.5,49.0,62.125,49.125,52.375,59.125,11.5,13.875,7.25,34.375,54.875,16.75,700.75
2016-05-29,65.625,50.0,10.375,18.5,58.0,27.625,57.0,5.75,48.25,64.75,49.125,53.625,57.375,11.125,13.375,7.0,35.875,64.875,17.125,715.375
2016-06-05,70.5,51.75,10.375,18.25,57.875,27.625,63.375,6.5,50.25,67.5,52.5,57.875,62.375,11.75,12.875,7.625,33.0,67.5,18.75,748.25
2016-06-12,70.5,38.0,7.625,23.125,55.125,29.25,64.125,9.875,50.75,69.375,51.625,57.625,59.875,12.625,14.25,8.375,36.25,66.75,18.5,743.625
2016-06-19,64.625,27.5,7.625,24.125,51.75,33.5,66.125,9.875,48.5,57.875,50.0,57.75,52.5,11.625,13.625,7.25,37.125,56.25,20.0,697.625
2016-06-26,52.25,18.75,6.125,25.75,47.75,32.25,73.375,9.5,46.375,31.25,49.625,54.875,48.875,11.0,14.0,8.375,36.25,49.5,22.125,638.0
2016-07-03,59.875,17.25,6.125,25.5,41.0,20.75,77.25,8.0,46.625,24.625,50.625,57.875,51.0,12.5,15.625,8.25,36.375,47.25,23.875,630.375
2016-07-10,52.5,15.375,5.75,22.5,35.5,15.125,70.0,6.25,40.625,21.0,44.0,49.5,45.625,10.875,14.0,7.625,33.0,39.5,21.125,549.875
2016-07-17,54.5,15.75,5.75,35.625,35.5,26.375,84.375,7.5,37.5,30.625,42.125,48.125,41.625,12.0,14.875,6.5,32.375,38.375,23.375,592.875
2016-07-24,56.25,12.875,5.625,37.0,46.625,31.625,92.75,9.375,40.0,51.0,42.125,49.5,43.5,11.5,14.25,6.375,30.875,30.875,22.75,634.875
2016-07-31,54.5,11.625,5.75,40.25,71.125,41.5,90.625,10.25,38.5,50.375,40.75,46.75,39.125,11.0,14.125,6.0,31.875,26.125,23.625,653.875
2016-08-07,58.25,9.0,5.625,37.0,89.75,48.0,102.625,7.875,37.25,55.375,39.375,46.5,39.875,10.25,13.125,5.625,28.125,28.5,25.125,687.25
2016-08-14,59.875,7.25,4.0,36.875,91.75,44.75,95.875,8.375,37.75,56.5,38.125,46.375,41.0,9.25,12.375,6.375,27.75,29.875,22.75,676.875
2016-08-21,60.625,6.625,3.875,35.75,93.375,42.875,85.375,8.25,37.875,55.625,40.0,45.75,41.75,9.875,13.25,4.75,28.375,29.875,21.875,665.75
2016-08-28,54.125,9.625,3.75,36.0,95.125,40.125,82.0,8.25,38.875,61.125,37.875,43.625,40.875,9.0,11.75,4.125,33.375,29.375,19.25,658.25
2016-09-04,61.25,11.875,3.875,38.25,101.375,40.75,93.625,8.25,43.375,64.25,44.625,49.0,49.5,11.25,13.75,5.375,37.75,32.875,22.875,733.875
2016-09-11,61.625,13.5,4.5,27.0,105.75,29.25,82.0,7.0,43.75,53.75,48.875,54.125,51.125,10.875,12.875,5.875,40.125,33.25,22.5,707.75
2016-09-18,52.0,12.25,3.5,19.875,88.25,22.5,68.75,4.875,36.375,28.875,43.375,46.75,44.0,9.375,11.75,5.25,36.75,27.0,20.125,581.625
2016-09-25,50.875,11.5,3.0,18.25,60.375,12.375,66.0,3.25,33.125,31.875,38.5,43.625,46.875,10.875,10.875,5.625,35.625,31.0,19.125,532.75
2016-10-02,50.375,12.75,3.625,16.5,42.5,3.0,53.875,3.25,33.0,31.625,37.625,48.125,47.75,10.375,10.5,6.0,36.625,31.5,18.125,497.125
2016-10-09,54.0,15.875,4.25,16.125,38.25,2.375,54.125,2.625,33.125,34.375,36.375,46.25,48.5,11.25,11.0,5.625,35.375,29.125,18.375,497.0
2016-10-16,58.5,17.5,4.375,14.0,35.125,2.0,57.875,2.625,29.625,38.5,34.125,48.375,49.625,12.625,10.25,6.5,33.5,34.375,16.25,505.75
2016-10-23,62.625,22.25,5.0,14.0,31.75,1.0,59.125,1.625,31.875,35.375,35.75,48.75,49.5,15.375,10.125,7.625,25.75,37.875,16.5,511.875
2016-10-30,62.125,36.75,5.125,12.625,30.125,0.375,54.875,1.875,36.0,37.375,34.75,49.125,43.875,16.75,9.0,7.0,25.125,37.25,15.25,515.375
2016-11-06,61.625,51.25,5.375,13.375,23.875,0.5,53.75,2.375,37.75,40.875,35.75,44.375,40.5,17.0,9.375,8.125,25.125,44.25,14.25,529.5
2016-11-13,70.125,64.375,6.25,19.75,26.625,0.5,60.75,3.25,42.5,46.75,44.25,50.5,47.625,19.625,10.625,9.125,29.125,49.625,16.75,618.125
2016-11-20,71.125,70.25,7.0,21.25,28.625,0.625,61.75,3.75,48.25,47.625,48.0,53.625,44.0,18.875,11.5,9.125,31.25,49.375,18.875,644.875
2016-11-27,66.125,75.375,6.625,26.5,28.25,0.625,63.375,3.125,50.875,45.125,49.25,48.25,41.625,20.125,12.0,10.5,32.5,48.5,20.125,648.875
2016-12-04,60.5,87.25,5.625,29.375,29.125,0.375,66.875,3.125,53.375,42.875,52.25,51.875,43.375,21.0,10.25,11.25,31.75,52.375,20.875,673.5
2016-12-11,56.25,90.625,5.375,32.0,27.625,0.375,65.0,3.25,55.125,41.375,51.625,51.625,43.375,19.625,14.375,11.375,32.125,52.375,21.625,675.125
2016-12-18,60.0,83.375,5.625,32.625,29.75,0.375,65.125,3.25,52.5,41.75,51.75,52.875,42.125,18.0,16.375,10.25,33.5,52.0,21.875,673.125
2016-12-25,59.75,73.625,6.375,34.25,29.25,0.5,68.0,3.375,51.5,41.5,50.875,55.5,45.125,15.75,20.375,10.5,33.75,54.875,23.125,678.0
2017-01-01,57.0,74.375,6.625,30.625,32.375,0.5,66.375,3.0,48.125,40.25,45.5,52.875,45.75,17.625,20.375,9.875,30.625,48.625,23.375,653.875
2017-01-08,51.125,75.0,6.75,24.5,34.625,0.5,63.25,2.875,48.25,36.5,40.25,51.125,45.625,15.875,27.375,9.625,30.375,50.75,24.0,638.375
2017-01-15,52.5,73.0,6.375,21.0,36.125,0.5,61.25,3.75,41.875,33.625,38.75,51.5,45.5,15.75,27.625,8.75,29.0,52.375,21.375,620.625
2017-01-22,54.125,73.75,6.25,22.375,43.0,0.75,61.25,4.75,39.75,32.625,40.375,54.5,46.25,19.75,30.25,6.5,28.375,52.375,20.875,637.875
2017-01-29,54.75,71.125,6.5,28.125,46.25,5.875,64.5,5.0,41.25,34.625,38.0,51.125,45.75,19.25,33.75,5.375,29.875,50.5,22.375,654.0
2017-02-05,55.125,72.375,7.875,27.625,56.375,13.625,66.625,5.125,41.25,35.25,35.625,48.875,45.25,20.75,30.875,4.5,29.625,45.875,22.25,664.875
2017-02-12,50.375,73.25,8.75,29.75,60.75,27.375,68.5,5.5,42.625,35.375,33.0,46.375,47.625,21.625,29.75,4.5,32.0,44.125,22.75,684.0
2017-02-19,53.5,72.625,8.5,35.25,65.375,37.5,65.5,5.25,39.25,39.0,32.625,42.75,51.5,25.5,26.25,3.875,30.625,42.875,21.125,698.875
2017-02-26,55.375,60.625,8.125,44.25,69.125,45.875,69.125,5.625,38.75,40.5,34.0,44.875,53.625,24.125,26.0,3.0,31.625,41.5,20.0,716.125
2017-03-05,62.25,54.625,9.125,50.125,75.625,49.25,73.875,5.125,39.0,43.625,37.125,46.5,52.375,32.25,20.25,2.5,35.125,39.875,20.875,749.5
2017-03-12,61.25,59.25,10.25,63.125,75.5,55.875,76.625,5.0,40.5,45.875,37.0,44.625,59.625,34.75,20.875,2.375,37.625,37.375,22.625,790.125
2017-03-19,63.25,55.0,12.0,59.5,68.25,57.5,82.375,3.5,41.5,48.5,33.125,42.125,62.875,36.875,19.5,3.0,37.5,41.0,21.625,789.0
2017-03-26,69.625,45.125,13.75,55.625,67.5,54.125,80.0,3.625,37.875,46.75,34.625,42.75,65.75,37.375,16.75,2.875,38.0,40.875,21.125,774.125
2017-04-02,69.5,44.375,12.625,56.625,59.0,50.25,79.0,3.25,38.0,50.0,38.625,43.875,67.25,37.75,17.625,3.125,37.625,40.375,23.125,772.0
2017-04-09,68.0,48.875,11.25,57.875,56.0,43.875,76.125,3.25,38.5,52.25,40.0,44.125,69.75,38.125,19.75,3.0,37.25,41.25,24.125,773.375
2017-04-16,74.625,55.0,14.0,55.5,53.875,42.25,83.375,4.75,39.125,54.0,42.125,44.0,73.25,37.5,21.875,2.875,39.125,42.125,23.25,802.625
2017-04-23,78.375,61.0,15.625,52.5,48.125,36.5,83.75,4.25,39.75,62.5,44.75,44.5,75.0,39.75,22.5,2.875,42.125,42.875,23.5,820.25
2017-04-30,74.5,68.625,15.375,48.625,41.75,34.625,83.75,4.125,38.5,64.125,44.625,43.75,75.625,33.625,25.375,2.75,40.125,40.5,20.75,801.125
2017-05-07,76.25,72.5,14.75,37.25,41.0,28.875,84.75,3.0,38.75,66.125,43.5,43.0,75.25,33.0,25.75,2.75,38.25,40.875,20.625,786.25
2017-05-14,73.25,79.75,14.625,38.125,40.875,27.0,77.75,5.75,35.875,66.125,48.0,42.625,85.625,28.5,25.875,2.875,39.125,36.25,21.0,789.0
2017-05-21,69.625,85.5,13.375,35.625,39.5,25.125,76.25,15.75,34.0,65.75,48.125,45.25,92.875,30.0,27.75,3.125,38.375,37.0,19.75,802.75
2017-05-28,72.375,90.5,14.125,35.375,40.125,21.5,76.75,16.875,35.0,62.5,47.5,47.0,99.125,30.0,26.875,4.0,39.0,35.875,19.0,813.5
2017-06-04,75.25,87.375,14.75,33.5,40.25,14.125,79.875,19.875,33.0,59.875,47.75,45.625,97.875,31.0,24.0,4.375,40.875,35.0,19.375,803.75
2017-06-11,66.125,79.875,12.25,28.25,36.875,5.625,76.0,19.375,35.0,55.375,44.125,45.375,95.75,28.625,23.125,4.5,41.0,32.25,20.375,749.875
2017-06-18,65.0,75.25,11.0,27.25,36.875,3.125,75.25,20.125,36.75,47.75,41.625,43.75,95.0,26.375,22.375,4.625,39.375,31.875,20.25,723.625
2017-06-25,67.875,62.875,11.0,30.5,35.25,1.75,75.75,20.75,39.875,45.5,40.875,42.625,96.125,26.125,19.0,5.125,39.5,32.875,21.0,714.375
2017-07-02,60.125,51.125,10.25,30.125,31.125,0.75,68.125,21.75,36.125,39.5,37.625,38.0,87.375,23.0,16.125,4.875,35.625,29.0,17.625,638.25
2017-07-09,58.625,44.75,10.625,28.375,30.875,0.75,65.0,21.375,37.125,34.75,34.625,38.625,77.625,22.875,14.625,4.0,33.25,29.5,18.25,605.625
2017-07-16,61.125,38.25,11.625,28.125,30.25,3.375,64.75,16.0,38.125,35.125,34.125,37.75,70.5,21.25,13.5,4.375,35.75,32.0,19.25,595.25
2017-07-23,64.75,31.0,11.375,26.625,29.625,5.625,64.125,17.25,34.875,36.125,32.375,38.875,68.5,21.625,15.0,3.375,37.75,32.0,19.125,590.0
2017-07-30,68.375,34.125,11.375,28.5,27.75,12.125,62.625,22.75,35.5,36.125,32.875,38.75,68.625,18.75,16.125,4.125,35.75,31.375,17.875,603.5
2017-08-06,70.125,35.75,12.125,30.0,32.875,18.5,61.875,38.25,32.25,34.125,35.875,42.5,67.5,21.375,15.375,4.375,41.25,34.0,17.25,645.375
2017-08-13,79.875,33.0,12.875,29.5,40.125,26.0,63.5,56.375,32.375,31.0,37.0,43.75,77.375,21.25,15.75,5.0,40.125,32.875,17.0,694.75
2017-08-20,79.0,33.25,12.125,27.375,44.5,31.875,62.125,66.375,27.625,29.625,36.0,44.0,81.25,20.625,16.0,4.375,37.25,31.625,17.125,702.125
2017-08-27,89.5,34.875,13.875,28.875,47.625,33.25,66.875,68.0,31.25,32.25,41.375,47.5,85.25,23.0,17.125,4.375,39.0,33.125,18.5,755.625
2017-09-03,92.5,30.0,13.0,25.625,53.875,35.25,65.375,71.125,31.5,33.125,41.5,57.25,89.25,20.625,16.875,4.25,39.375,30.75,17.625,768.875
2017-09-10,90.125,28.5,11.375,23.125,53.625,33.25,60.5,69.25,28.875,31.875,41.375,52.0,84.125,19.375,15.5,3.25,34.125,24.375,14.625,719.25
2017-09-17,81.75,25.25,11.375,21.75,53.875,33.5,57.625,69.5,30.875,27.875,41.625,78.625,76.875,18.625,13.25,2.875,30.75,22.625,15.75,714.375
2017-09-24,76.25,22.25,10.0,19.625,58.875,31.875,56.75,65.25,30.75,25.875,40.0,79.875,75.625,18.125,12.0,1.625,28.0,22.75,15.75,691.25
2017-10-01,75.625,24.125,9.625,23.125,62.125,27.875,60.625,54.375,34.125,27.0,39.625,77.5,72.875,14.875,11.75,1.25,23.5,21.625,17.5,679.125
2017-10-08,67.875,23.0,10.25,22.125,55.625,29.25,56.75,54.25,33.875,35.125,39.625,75.625,62.125,15.625,10.75,0.5,22.5,24.0,17.5,656.375
2017-10-15,68.75,22.25,12.0,21.375,53.375,26.875,54.5,54.0,34.75,38.75,42.875,75.375,59.375,14.25,10.5,0.75,23.75,22.0,17.125,652.625
2017-10-22,63.75,21.875,10.125,19.875,53.625,27.125,55.125,62.375,34.75,38.75,45.75,75.875,57.375,11.375,11.125,0.875,24.25,21.0,17.25,652.25
2017-10-29,62.875,21.375,10.375,22.375,47.0,25.625,61.875,60.375,36.125,38.125,46.125,65.625,49.125,10.375,11.375,1.125,26.75,22.75,17.25,636.625
2017-11-05,62.0,21.125,13.125,24.25,49.5,25.0,70.5,59.25,39.375,38.5,47.375,67.75,52.0,10.125,12.75,1.25,30.25,24.375,18.0,666.5
2017-11-12,67.0,24.0,14.75,26.0,47.75,22.375,72.125,57.5,40.875,41.125,49.75,36.625,58.75,10.625,12.5,1.375,30.375,26.0,16.125,655.625
2017-11-19,66.75,24.0,18.125,24.875,43.625,18.625,74.0,55.375,38.75,46.75,53.125,36.25,59.125,10.5,13.25,1.5,33.25,25.375,16.25,659.5
2017-11-26,69.25,17.125,26.0,20.875,36.125,20.875,68.0,53.875,35.75,49.75,53.125,35.0,65.125,12.625,13.875,2.75,30.75,24.0,17.75,652.625
2017-12-03,66.75,16.375,26.75,20.5,33.875,13.625,68.625,37.125,33.0,41.0,57.5,34.875,63.625,10.375,14.75,3.0,32.875,21.25,17.875,613.75
2017-12-10,65.625,16.25,26.5,22.125,33.375,12.625,72.125,27.125,34.0,40.5,54.75,35.25,60.25,10.375,14.75,3.125,34.625,22.5,18.125,604.0
2017-12-17,67.125,17.75,30.75,27.75,32.875,12.0,73.75,16.25,34.25,41.375,55.375,40.125,64.625,10.625,15.125,3.125,37.625,22.625,18.5,621.625
2017-12-24,74.125,25.375,33.875,30.75,35.875,22.125,72.75,15.25,36.5,49.375,60.625,44.375,70.75,13.25,14.875,3.375,36.875,23.25,20.125,683.5
2017-12-31,76.75,27.875,34.25,32.5,36.0,24.75,77.25,14.125,36.0,49.75,61.625,48.5,68.625,13.375,15.25,4.0,35.5,22.875,20.375,699.375
2018-01-07,71.25,25.625,32.125,30.625,34.25,25.25,74.5,13.25,32.875,46.625,58.0,49.25,61.125,10.75,14.75,3.875,34.875,20.875,19.625,659.5
2018-01-14,72.375,21.875,30.0,35.125,33.5,25.125,75.875,14.875,36.25,43.875,56.25,49.75,62.5,12.0,13.875,4.0,33.625,20.5,20.125,661.5
2018-01-21,67.875,20.5,22.125,37.875,32.875,28.875,73.625,11.875,34.25,38.75,56.375,50.125,54.375,10.75,12.5,3.125,34.375,20.125,17.125,627.5
2018-01-28,69.875,17.875,19.75,38.625,33.125,32.25,74.125,11.25,37.375,45.625,51.625,53.625,54.625,11.625,12.25,3.0,32.375,22.25,20.25,641.5
2018-02-04,72.5,15.875,20.25,37.625,32.875,31.875,76.0,13.5,41.75,43.875,53.75,53.75,55.75,13.0,12.0,2.625,31.25,22.375,21.25,651.875
2018-02-11,81.75,13.125,17.25,33.875,33.25,33.625,77.125,14.625,41.125,41.625,49.125,49.25,54.625,14.25,10.375,2.5,27.875,22.0,21.0,638.375
2018-02-18,89.125,5.75,15.0,31.625,30.125,24.25,74.5,15.5,42.25,34.375,46.125,44.25,52.625,13.0,10.5,2.125,28.875,19.625,20.875,600.5
2018-02-25,85.75,3.25,12.875,29.5,28.0,21.875,63.125,15.5,41.75,36.25,43.375,38.125,55.375,14.25,10.5,1.375,29.125,20.875,21.25,572.125
2018-03-04,88.625,2.75,12.5,30.25,30.5,22.125,65.0,15.625,42.25,41.375,45.25,37.5,61.25,15.25,11.625,1.625,34.75,24.625,22.0,604.875
2018-03-11,91.375,2.5,12.125,25.375,32.125,21.375,60.625,17.125,42.5,40.125,43.375,37.25,59.625,14.5,12.125,1.5,34.625,26.875,20.875,596.0
2018-03-18,98.625,8.5,12.0,23.875,33.0,13.875,63.75,16.25,48.125,41.125,42.0,38.375,62.625,13.25,12.25,1.125,35.25,28.125,21.25,613.375
2018-03-25,95.125,8.5,11.875,24.0,34.75,10.875,66.25,15.875,46.875,35.375,40.5,36.625,64.25,12.75,12.375,1.125,36.625,28.125,18.375,600.25
2018-04-01,93.25,9.875,10.875,22.25,35.5,9.375,64.25,14.875,44.125,34.125,38.375,37.625,63.75,11.625,11.5,1.25,37.0,29.25,19.25,588.125
2018-04-08,84.0,14.25,10.125,19.875,35.25,7.0,60.375,15.25,45.25,35.375,37.875,36.125,62.0,12.0,12.375,2.125,39.25,28.875,18.375,575.75
2018-04-15,71.625,14.625,9.5,17.875,36.0,6.625,59.75,16.0,40.625,34.625,36.5,34.625,60.25,11.0,13.0,2.0,39.125,29.25,17.25,550.25
2018-04-22,71.25,15.625,12.25,17.0,38.0,13.25,63.5,17.625,40.875,32.875,40.875,37.375,57.75,11.125,13.75,2.375,39.125,28.25,18.25,571.125
2018-04-29,72.875,16.625,13.125,16.375,39.75,15.625,63.75,17.5,41.625,30.25,41.625,38.625,54.0,10.625,12.375,2.75,34.5,30.375,18.0,570.375
2018-05-06,73.75,17.625,15.25,15.375,39.625,16.75,68.0,12.125,40.625,32.625,43.0,35.625,52.0,10.5,13.625,5.375,34.875,26.875,19.0,572.625
2018-05-13,73.25,12.375,16.625,15.25,39.5,17.125,74.0,15.0,36.5,33.5,43.125,34.875,52.625,11.0,15.375,7.5,37.625,27.5,21.625,584.375
2018-05-20,73.75,13.0,16.625,12.875,41.75,18.625,75.0,16.875,35.5,33.25,42.0,34.25,52.625,13.0,14.625,7.875,36.625,28.125,20.625,587.0
2018-05-27,73.5,11.375,15.625,14.25,41.375,19.375,73.375,16.5,32.375,34.75,39.5,38.5,57.75,13.875,15.375,9.5,35.625,27.5,17.5,587.625
2018-06-03,72.375,6.625,16.25,25.125,39.875,19.25,73.625,17.25,30.25,33.75,38.5,39.5,61.0,12.75,15.75,9.75,34.0,32.25,17.875,595.75
2018-06-10,70.5,7.125,16.125,30.125,40.875,18.625,75.875,13.75,27.875,34.75,35.625,41.5,58.0,14.625,16.0,10.625,32.125,37.625,18.125,599.875
2018-06-17,74.0,7.0,13.875,33.75,38.875,12.0,71.5,11.375,27.875,36.5,31.375,43.25,56.25,13.625,14.5,11.75,29.875,36.875,17.125,581.375
2018-06-24,71.125,5.625,14.375,37.125,35.375,8.875,67.875,13.5,26.75,34.375,27.875,43.0,59.125,14.75,14.375,11.5,29.875,32.125,17.5,565.125
2018-07-01,67.75,5.75,14.625,40.75,38.75,10.375,66.5,14.75,25.125,34.0,26.25,44.25,60.125,15.625,13.625,10.0,30.125,32.5,16.25,567.125
2018-07-08,60.875,4.75,13.75,40.75,41.375,9.875,61.0,12.875,24.375,32.0,26.125,42.375,56.125,16.0,12.625,8.25,26.0,29.875,13.5,532.5
2018-07-15,65.125,5.0,14.25,42.375,38.0,6.75,56.625,11.375,25.125,31.125,25.875,40.375,54.375,14.0,12.875,8.75,25.375,26.875,18.875,523.125
2018-07-22,62.5,5.375,16.0,40.875,36.625,7.125,55.0,11.0,25.25,28.875,27.375,33.25,49.75,13.25,12.25,7.75,25.0,27.25,20.0,504.5
2018-07-29,64.25,6.375,18.75,33.875,38.375,7.5,53.5,10.625,24.625,28.0,29.75,33.625,47.375,14.0,11.25,8.0,25.125,25.75,20.75,501.5
2018-08-05,62.75,5.625,19.75,30.625,39.125,9.125,53.375,11.0,26.25,25.875,31.875,36.5,51.25,12.25,10.5,8.625,23.625,21.5,19.375,499.0
2018-08-12,58.5,5.0,20.125,28.25,40.25,9.375,53.625,11.375,25.375,21.875,33.0,32.875,54.0,11.75,10.625,8.75,25.0,22.0,20.125,491.875
2018-08-19,61.5,5.875,21.125,25.125,47.25,10.125,55.5,9.625,25.125,23.125,35.625,31.5,51.125,11.5,11.375,8.875,24.875,23.0,19.625,501.875
2018-08-26,51.75,4.625,17.75,20.375,38.375,7.25,46.0,8.125,21.75,17.5,32.375,28.0,44.0,9.375,9.375,7.5,21.0,21.0,18.0,424.125
2018-09-02,51.125,5.25,17.75,20.375,34.125,6.875,40.375,7.875,20.875,16.125,33.125,27.625,44.0,8.125,8.5,7.5,19.875,22.5,17.375,409.375
2018-09-09,49.0,4.25,17.75,20.375,34.125,9.25,39.5,7.875,18.375,14.875,41.5,29.375,45.125,8.375,8.125,6.75,18.875,32.625,12.125,418.25
2018-09-16,52.75,4.0,17.5,20.5,32.5,9.0,37.375,7.625,17.0,14.0,48.5,30.375,43.625,7.75,8.625,6.5,17.75,35.0,11.625,422.0
2018-09-23,52.25,3.125,14.75,17.125,33.25,9.5,36.375,6.375,16.625,13.125,47.25,28.5,44.25,7.75,9.0,5.625,17.375,36.625,10.5,409.375
2018-09-30,49.875,2.75,13.25,16.5,31.0,8.5,37.0,5.75,14.875,12.625,51.875,24.625,42.125,8.625,8.125,5.5,19.25,37.5,10.625,400.375
2018-10-07,55.25,2.875,12.125,15.5,32.875,8.375,39.25,7.875,13.75,14.625,54.25,27.5,42.375,9.375,7.125,4.125,19.5,41.0,10.25,418.0
2018-10-14,56.0,3.375,11.5,17.125,30.0,7.75,40.0,8.5,13.75,13.0,59.0,27.125,48.375,8.5,7.75,3.875,18.75,40.25,10.25,424.875
2018-10-21,66.0,5.125,13.5,22.0,40.875,8.75,48.625,10.375,15.875,15.375,83.25,31.625,55.375,10.25,8.75,4.125,23.375,45.5,11.125,519.875
2018-10-28,66.125,6.0,13.125,22.75,45.875,21.625,50.625,9.5,19.5,15.875,93.625,31.75,56.0,10.625,9.125,3.875,22.75,44.375,12.375,555.5
2018-11-04,67.875,7.75,12.625,22.0,47.875,22.5,50.5,8.625,21.25,16.75,91.625,31.5,54.5,10.25,9.375,3.875,25.375,34.125,14.0,552.375
2018-11-11,65.0,11.375,11.875,24.875,53.875,23.125,52.0,8.75,26.625,16.5,88.875,32.125,56.0,11.125,9.0,3.75,27.375,32.75,14.0,569.0
2018-11-18,65.625,13.125,13.375,25.375,55.75,24.625,53.75,8.375,26.5,15.75,93.875,32.875,56.625,10.25,8.875,4.0,26.25,29.75,15.0,579.75
2018-11-25,73.25,15.0,13.375,23.25,57.75,25.5,49.75,8.375,27.25,15.5,97.375,31.875,56.0,10.125,9.25,2.875,29.75,28.25,15.0,589.5
2018-12-02,70.125,16.75,14.25,24.5,56.75,26.625,49.5,6.5,28.625,14.125,97.625,29.875,52.375,9.25,10.5,3.5,29.25,25.75,15.5,581.375
2018-12-09,64.375,15.5,13.625,23.0,54.25,27.125,48.125,5.5,27.25,15.875,92.5,29.0,43.625,8.75,9.75,4.25,29.0,27.75,16.125,555.375
2018-12-16,57.875,13.75,12.375,20.75,48.125,28.375,47.75,4.875,27.5,14.75,78.125,28.25,45.125,7.375,9.5,5.25,33.0,26.875,16.75,526.375
2018-12-23,68.0,13.375,12.5,20.75,47.5,16.875,52.25,5.375,26.625,14.0,70.25,29.625,46.25,6.375,9.625,5.5,40.5,27.375,15.375,528.125
2018-12-30,65.625,13.0,14.0,19.875,45.75,14.25,49.25,5.0,27.875,13.25,69.125,29.875,48.375,5.75,10.0,5.375,38.875,27.125,13.125,515.5
2019-01-06,65.125,9.125,12.625,16.25,41.25,12.625,47.375,5.0,22.875,13.25,63.75,27.375,46.625,5.375,10.375,6.0,38.0,23.125,12.125,478.25
2019-01-13,61.125,7.125,10.375,16.875,39.75,11.125,46.25,6.25,23.75,13.625,60.5,25.875,41.375,6.375,10.125,6.5,38.75,21.875,12.25,459.875
2019-01-20,54.375,5.625,10.25,18.5,37.0,10.0,46.125,6.625,24.25,13.75,51.125,25.375,39.625,5.25,10.375,6.875,32.125,20.375,11.75,429.375
2019-01-27,55.375,4.875,9.75,17.25,34.25,8.625,46.0,9.5,23.0,12.625,48.375,24.25,41.875,5.625,10.5,6.75,33.125,22.375,10.875,425.0
2019-02-03,61.75,4.875,9.125,17.0,35.0,8.5,46.625,11.75,24.0,12.25,47.625,25.875,43.5,5.625,10.0,6.625,33.125,19.625,9.5,432.375
2019-02-10,67.75,5.5,9.0,15.125,38.0,10.5,44.875,11.25,26.125,13.875,41.5,24.625,39.125,5.75,10.5,6.375,27.625,16.5,9.125,423.125
2019-02-17,56.625,4.375,8.5,12.625,38.0,15.0,41.875,11.5,27.25,14.625,37.25,23.75,38.625,6.5,11.25,6.5,21.125,15.75,9.0,400.125
2019-02-24,55.0,2.875,6.5,11.625,40.25,18.0,45.875,12.5,25.0,16.75,33.5,23.875,35.625,7.0,10.75,6.75,28.0,18.625,10.25,408.75
2019-03-03,63.875,5.0,7.625,12.875,43.75,23.125,54.5,13.375,25.75,24.125,34.75,24.625,37.5,6.625,10.375,6.875,40.0,21.5,10.875,467.125
2019-03-10,69.625,5.75,10.875,12.375,42.75,24.0,58.5,12.375,26.0,24.625,33.5,31.625,41.125,6.625,11.0,5.875,40.125,22.625,10.0,489.375
2019-03-17,71.125,6.125,12.125,11.0,47.0,25.125,59.125,12.375,24.875,25.375,32.875,35.75,44.25,7.625,11.125,5.125,41.125,23.25,11.25,506.625
2019-03-24,71.5,4.875,13.375,11.0,48.875,25.125,56.375,11.875,25.875,26.875,31.75,39.75,43.25,7.25,10.5,4.625,40.125,20.625,11.25,504.875
2019-03-31,71.125,5.0,15.125,12.125,56.125,27.375,56.25,9.5,27.0,24.875,32.875,41.25,42.0,7.75,10.625,4.625,40.875,21.375,12.125,518.0
2019-04-07,71.875,5.25,15.75,19.375,57.0,23.875,54.25,9.0,24.25,23.625,32.5,42.75,44.0,8.125,10.625,4.25,42.5,22.625,12.75,524.375
2019-04-14,74.125,5.625,17.125,22.25,55.5,19.625,53.875,9.0,21.0,24.875,31.875,42.625,41.25,8.75,10.125,4.375,44.125,23.5,13.0,522.625
2019-04-21,76.125,5.75,17.875,22.5,57.25,17.75,54.625,9.875,21.875,22.375,32.625,41.0,43.75,8.5,10.25,4.625,37.0,21.25,11.875,516.875
2019-04-28,70.25,4.25,21.0,22.0,58.0,14.25,48.75,10.0,21.625,14.75,31.75,45.625,48.625,8.625,10.625,4.75,24.875,21.0,12.25,493.0
2019-05-05,65.75,5.5,18.25,22.5,62.5,14.375,46.5,10.375,22.125,15.125,32.125,39.75,48.875,8.75,11.25,4.875,24.5,19.875,13.375,486.375
2019-05-12,64.875,5.75,19.0,22.875,64.375,15.0,46.75,13.375,21.75,14.0,31.125,37.5,53.375,7.875,11.625,5.0,25.375,19.5,12.75,491.875
2019-05-19,67.625,5.875,18.5,23.625,65.625,23.5,48.0,16.75,19.75,12.75,30.25,32.375,55.75,8.0,10.75,5.0,26.25,18.5,13.25,502.125
2019-05-26,67.375,9.0,19.0,22.25,67.875,24.375,47.5,21.125,18.625,12.375,28.0,31.25,58.0,7.25,10.625,4.5,27.25,18.875,13.0,508.25
2019-06-02,65.25,8.375,20.625,15.5,70.125,33.25,48.875,23.125,18.75,12.0,28.625,30.5,58.375,7.25,11.125,4.25,25.125,17.25,13.375,511.75
2019-06-09,58.5,8.0,18.25,11.875,64.625,31.125,42.25,22.125,16.25,9.0,25.875,27.0,55.0,5.625,9.5,3.5,21.125,14.625,12.0,456.25
2019-06-16,56.25,7.875,18.25,11.625,66.375,32.625,38.375,22.375,13.75,8.5,22.75,26.25,53.5,5.625,10.0,3.25,20.25,14.0,12.25,443.875
2019-06-23,80.5,7.25,15.125,11.75,71.125,44.5,37.625,20.875,14.625,9.25,22.75,22.875,47.625,6.125,10.375,2.25,20.0,14.125,11.625,470.375
2019-06-30,103.375,6.375,16.875,11.0,71.125,50.5,37.0,21.5,15.625,8.75,20.875,22.125,46.75,5.75,9.25,2.0,20.625,15.5,11.375,496.375
2019-07-07,102.25,5.5,15.625,13.375,74.375,55.75,37.625,18.375,15.375,11.375,24.5,22.5,43.25,5.625,7.875,2.375,22.0,17.125,11.875,506.75
2019-07-14,94.875,5.25,14.25,12.625,75.625,57.625,39.0,13.375,15.75,11.25,26.625,25.125,41.5,6.0,8.375,2.5,21.5,17.125,10.625,499.0
2019-07-21,89.125,1.875,13.0,12.875,67.5,59.75,39.75,10.0,17.5,14.125,27.75,23.375,41.625,6.625,8.25,2.375,21.375,15.375,10.75,483.0
2019-07-28,88.625,2.375,12.25,13.625,64.875,58.0,43.875,9.75,20.0,15.5,29.125,24.625,40.5,6.0,7.75,2.125,20.75,17.0,11.5,488.25
2019-08-04,95.875,3.25,15.625,16.625,71.75,62.375,50.875,14.5,21.375,17.875,33.25,29.5,45.875,7.0,9.125,2.125,24.25,18.0,13.5,552.75
2019-08-11,94.875,3.25,16.375,18.375,69.125,63.625,53.75,12.875,27.375,37.375,36.25,36.125,46.0,6.875,9.125,2.25,24.75,18.25,13.375,590.0
2019-08-18,64.875,3.25,15.375,16.875,58.0,49.75,50.5,12.5,24.25,35.625,34.25,33.25,41.5,5.75,7.375,2.0,22.25,15.5,12.875,505.75
2019-08-25,41.25,3.125,13.75,16.5,53.875,44.125,55.125,12.875,21.375,34.75,32.875,33.875,40.375,4.375,6.875,2.125,22.75,14.375,11.375,465.75
2019-09-01,40.25,3.0,13.0,14.375,49.375,39.375,57.375,14.625,20.75,33.125,29.875,32.125,38.25,4.5,7.25,2.0,21.0,13.125,10.875,444.25
2019-09-08,40.375,2.875,14.125,15.375,45.75,31.75,55.625,16.125,22.875,42.625,28.5,30.75,36.625,4.625,7.625,2.0,20.25,12.625,10.5,441.0
2019-09-15,41.75,5.375,15.25,16.75,44.875,32.625,54.375,16.875,23.25,66.5,29.0,31.0,38.875,4.625,7.25,2.0,19.25,13.875,10.5,474.0
2019-09-22,40.375,4.875,17.5,16.375,40.5,27.75,50.25,15.625,21.75,72.125,29.5,30.625,39.375,5.25,6.75,2.0,20.625,13.625,9.375,464.25
2019-09-29,42.75,4.5,18.25,17.125,38.625,29.25,48.25,19.75,23.25,72.75,29.125,42.75,40.0,4.5,7.375,2.5,19.875,14.25,8.25,483.125
2019-10-06,44.875,5.125,17.625,17.0,37.5,25.75,48.875,21.375,18.875,64.375,28.25,38.75,39.125,5.125,6.875,2.5,19.25,14.0,9.75,465.0
2019-10-13,57.625,7.375,21.0,20.25,43.625,41.125,55.0,22.5,24.625,69.75,34.625,42.5,41.875,6.375,7.875,3.5,24.0,15.0,11.0,549.625
2019-10-20,64.0,6.875,21.875,21.0,47.625,47.625,51.5,21.0,26.125,69.75,37.0,43.375,44.5,7.0,8.125,5.125,23.75,15.25,12.25,573.75
2019-10-27,64.25,7.875,22.75,24.5,43.375,51.5,47.125,19.25,26.875,69.375,37.875,42.875,43.625,7.0,8.75,8.375,23.5,17.5,11.75,578.125
2019-11-03,66.875,8.5,23.375,25.75,46.625,52.875,47.125,17.25,25.125,60.75,40.5,44.375,44.625,6.75,9.5,9.625,32.0,17.875,12.375,591.875
2019-11-10,67.375,6.375,22.625,24.25,50.125,48.875,50.625,17.25,24.625,36.375,38.75,44.75,41.625,6.5,10.75,10.875,35.875,18.25,12.25,568.125
2019-11-17,74.875,11.0,22.625,25.0,51.875,47.875,51.25,17.875,24.75,31.375,35.5,43.625,41.75,5.875,11.125,11.125,34.875,19.5,11.375,573.25
2019-11-24,74.0,12.625,22.0,23.875,50.875,43.5,53.0,10.25,24.625,30.5,36.375,31.125,38.75,6.125,10.125,11.375,34.5,19.375,11.375,544.375
2019-12-01,74.0,13.5,24.0,26.625,50.875,42.5,54.25,10.25,25.375,22.125,38.875,30.125,38.875,7.25,11.125,12.125,34.75,19.25,10.25,546.125
2019-12-08,64.625,14.875,23.125,24.0,46.375,34.125,48.875,10.125,20.375,20.375,32.375,26.25,40.375,6.75,11.0,11.5,30.375,17.875,8.75,492.125
2019-12-15,67.25,17.5,28.75,23.875,49.5,48.75,49.875,12.125,22.0,21.5,30.75,25.375,44.0,7.5,13.0,11.375,29.875,21.0,9.125,533.125
2019-12-22,68.625,17.0,28.375,22.25,53.25,48.625,52.75,13.0,23.125,21.25,29.0,27.125,54.5,8.75,12.75,9.0,30.5,18.0,9.625,547.5
2019-12-29,65.125,16.875,26.875,21.25,52.875,50.625,62.5,12.5,23.625,21.875,24.75,27.375,55.125,8.625,12.5,8.75,23.875,18.375,10.5,544.0
2020-01-05,61.125,17.0,25.875,21.125,46.875,50.625,58.25,11.0,20.5,20.625,24.875,25.75,53.625,8.5,11.375,7.875,18.375,17.125,10.25,510.75
2020-01-12,51.0,12.75,22.875,21.375,45.25,52.25,58.5,10.0,19.875,19.0,25.375,25.75,52.0,9.25,13.0,9.125,17.125,14.5,10.75,489.75
2020-01-19,48.75,11.0,21.625,22.125,50.75,55.875,58.25,9.625,22.625,19.375,24.375,26.25,54.0,10.875,16.375,11.375,19.25,14.25,11.75,508.5
2020-01-26,47.625,10.125,19.25,19.625,49.375,58.0,56.375,7.75,24.75,17.25,20.0,26.5,53.0,10.25,16.25,12.875,19.25,13.75,12.375,494.375
2020-02-02,55.625,7.125,18.125,22.75,51.125,53.125,62.125,7.875,26.25,16.0,23.125,31.375,50.625,10.75,18.0,14.625,28.125,16.625,13.125,526.5
2020-02-09,50.0,4.5,14.75,25.0,47.25,36.375,61.375,6.625,23.75,15.375,23.875,31.0,52.625,10.125,17.375,14.75,31.5,13.875,12.125,492.25
2020-02-16,56.0,5.5,16.625,27.375,49.375,38.75,61.0,8.25,24.125,15.75,24.125,31.75,55.0,9.625,19.0,15.375,33.0,16.0,14.125,520.75
2020-02-23,63.875,5.625,18.625,27.625,55.5,35.5,55.5,9.25,23.875,16.125,24.25,29.5,57.25,11.75,18.375,16.125,35.375,16.75,13.5,534.375
2020-03-01,72.75,6.625,23.0,29.75,74.0,39.5,58.875,11.0,24.0,17.625,23.0,31.125,62.5,11.5,19.75,16.75,42.0,18.125,13.25,595.125
2020-03-08,81.875,7.375,23.625,30.625,76.625,38.75,60.875,12.625,27.0,19.375,24.0,32.875,68.125,10.75,19.5,16.25,44.0,18.625,12.5,625.375
2020-03-15,83.25,8.125,24.375,29.875,77.625,36.875,60.625,12.125,25.875,22.625,24.125,32.5,69.125,9.375,16.625,14.0,44.0,21.375,11.625,624.125
2020-03-22,81.5,8.375,24.875,28.75,85.5,36.375,60.25,12.625,23.875,26.375,25.0,32.5,70.125,9.375,16.25,11.75,46.375,22.0,10.875,632.75
2020-03-29,75.875,9.375,24.25,26.5,84.625,35.25,58.5,12.375,23.125,25.5,23.375,28.875,71.625,8.625,14.375,10.375,42.375,21.875,11.125,608.0
2020-04-05,70.125,9.375,21.875,22.5,77.5,28.375,54.125,11.375,21.0,26.125,20.0,26.75,60.5,8.125,13.0,8.75,38.125,21.0,9.875,548.5
2020-04-12,59.875,8.25,18.875,16.875,71.125,23.25,48.875,8.25,18.0,24.625,17.125,22.25,45.625,7.25,13.0,7.0,35.125,17.5,6.375,469.25
2020-04-19,51.75,7.5,16.125,14.75,61.25,24.625,41.25,6.75,16.25,22.25,14.875,20.125,40.375,4.625,12.0,6.625,30.375,15.375,5.375,412.25
2020-04-26,43.0,6.125,11.5,11.75,43.5,22.25,37.5,4.75,15.5,19.5,13.875,17.125,36.625,5.25,13.625,7.0,26.0,12.625,4.625,352.125
2020-05-03,31.625,5.0,10.125,9.625,38.125,20.125,32.0,3.125,10.75,17.25,10.875,13.875,29.25,6.375,15.25,5.875,24.875,12.125,4.875,301.125
2020-05-10,28.25,5.0,7.75,9.25,30.75,17.5,28.625,3.125,6.875,12.375,8.0,9.875,28.75,6.125,14.5,5.75,23.0,10.125,5.5,261.125
2020-05-17,26.375,4.625,7.5,9.5,21.5,16.75,25.125,2.375,6.125,8.25,5.5,7.75,29.0,5.375,14.375,5.125,21.0,9.5,4.875,230.625
2020-05-24,22.125,3.125,7.0,9.25,19.25,15.875,21.0,1.875,5.25,7.375,3.25,6.625,31.25,5.625,15.625,4.75,15.75,8.0,4.125,207.125
2020-05-31,21.5,2.5,5.375,9.375,19.5,16.125,19.0,1.625,5.375,6.375,3.25,6.375,31.0,5.375,14.75,4.625,14.75,6.0,4.625,197.5
2020-06-07,22.5,3.0,6.5,11.125,21.0,12.375,19.875,2.5,7.625,6.875,5.125,7.625,34.75,5.625,15.5,4.625,15.875,7.375,5.25,215.125
2020-06-14,24.125,4.0,8.625,13.125,22.75,9.375,21.875,2.875,8.5,8.25,5.625,9.25,37.625,5.375,16.625,3.5,15.625,8.625,5.125,230.875
2020-06-21,25.625,4.25,8.625,13.375,24.0,7.25,24.25,2.625,10.125,8.625,6.625,10.625,40.375,5.5,14.125,2.75,13.25,10.125,5.5,237.625
2020-06-28,29.875,4.5,9.625,17.75,28.625,7.375,25.375,2.5,11.125,8.875,7.375,10.875,42.0,4.625,11.0,4.375,14.625,11.75,5.25,257.5
2020-07-05,30.125,3.875,11.875,20.875,33.25,8.375,35.0,4.125,15.0,11.375,8.25,11.5,42.25,4.875,11.625,5.125,15.625,12.625,5.0,290.75
2020-07-12,31.25,3.75,12.875,23.625,35.75,15.375,37.75,4.125,15.25,13.375,10.875,12.625,45.75,4.625,10.875,8.375,18.125,14.75,4.875,324.0
2020-07-19,31.375,4.625,14.0,25.125,38.75,16.75,42.0,3.875,17.25,14.25,11.625,13.625,49.375,4.875,9.875,10.5,21.25,16.25,5.5,350.875
2020-07-26,35.625,5.625,14.625,44.25,43.5,17.125,47.375,4.125,18.875,15.875,15.25,15.5,53.0,5.875,11.375,13.625,23.375,18.375,6.5,409.875
2020-08-02,36.25,5.125,14.375,45.625,42.0,17.25,49.375,3.75,18.875,16.375,18.25,16.25,50.125,6.125,8.25,15.0,25.25,19.25,6.25,413.75
2020-08-09,35.625,4.375,13.0,48.75,41.75,16.75,49.0,3.875,19.375,16.875,19.375,18.625,48.875,6.5,8.25,16.5,27.875,19.375,7.0,421.75
2020-08-16,37.0,4.75,13.25,60.0,41.25,15.5,50.125,4.125,20.375,18.625,20.5,19.875,45.5,6.875,8.875,18.375,29.875,19.875,7.625,442.375
2020-08-23,35.75,5.0,13.5,59.5,38.875,16.125,50.5,4.375,21.25,19.75,21.625,21.625,48.875,7.0,8.75,17.875,31.5,19.125,8.375,449.375
2020-08-30,35.75,5.375,12.0,58.25,34.75,15.375,43.125,2.5,18.875,18.375,23.375,23.75,45.5,6.5,9.125,17.75,30.0,18.625,7.625,426.625
2020-09-06,38.125,5.375,11.625,65.75,34.125,7.75,44.125,2.875,19.125,18.125,24.375,25.25,43.375,6.875,10.125,16.5,30.75,17.25,9.125,430.625
2020-09-13,42.0,5.0,12.125,67.125,32.25,7.5,45.0,3.5,21.5,18.875,25.125,26.75,50.75,6.375,9.875,15.625,31.625,16.0,10.25,447.25
2020-09-20,41.625,4.125,12.375,55.625,31.75,7.875,43.875,3.5,24.5,20.125,24.75,28.5,56.875,5.75,9.625,14.5,32.625,16.125,10.125,444.25
2020-09-27,46.875,5.375,13.0,57.5,33.75,11.125,46.625,3.75,25.625,22.5,21.625,29.625,59.25,5.875,11.0,13.375,31.75,16.25,11.75,466.625
2020-10-04,53.25,5.5,16.25,54.375,39.0,23.125,48.75,4.125,29.0,22.0,23.0,29.0,63.5,6.875,11.625,13.625,32.75,15.875,13.375,505.0
2020-10-11,58.125,5.375,17.25,48.75,46.625,26.5,50.875,4.25,28.75,22.5,24.0,29.25,72.625,6.625,12.75,13.375,31.875,15.625,13.875,529.0
2020-10-18,60.25,5.375,18.75,48.0,47.875,27.375,51.625,4.5,31.0,21.625,23.375,28.625,76.375,7.125,12.875,12.875,29.125,15.5,14.375,536.625
2020-10-25,66.625,6.0,19.875,48.0,50.0,28.0,55.75,5.125,32.5,21.25,27.25,28.625,84.25,8.5,12.75,13.375,29.25,15.375,15.375,567.875
2020-11-01,64.375,6.0,19.625,41.5,49.75,28.0,57.25,4.875,32.75,22.25,26.875,29.5,85.625,9.625,12.875,13.875,26.625,15.125,15.375,561.875
2020-11-08,62.25,6.125,18.0,45.0,52.25,27.375,69.5,4.625,30.5,22.875,27.5,31.5,74.0,12.0,13.0,13.75,27.75,16.375,15.25,569.625
2020-11-15,68.375,6.375,18.125,42.375,53.125,26.625,73.875,5.125,28.625,19.875,26.375,29.5,72.625,14.75,13.125,13.25,30.125,15.875,15.25,573.375
2020-11-22,70.125,5.375,20.5,45.0,54.5,23.625,76.75,4.625,26.125,19.125,26.0,29.875,75.125,16.25,12.0,16.0,30.5,17.125,14.25,582.875
2020-11-29,68.25,5.5,20.125,49.5,55.125,16.5,76.625,3.875,24.5,19.75,26.75,30.125,75.5,15.125,13.375,16.25,33.0,18.375,13.375,581.625
2020-12-06,60.125,5.25,18.625,48.25,49.25,13.0,71.25,3.625,22.5,18.125,24.375,28.375,67.125,14.25,11.125,14.125,33.5,16.75,13.0,532.625
2020-12-13,61.875,4.875,17.5,53.625,51.625,11.625,77.125,3.125,20.375,18.375,24.625,29.875,65.625,15.125,11.75,16.0,36.75,17.375,13.375,550.625
2020-12-20,67.875,4.0,18.875,57.375,49.75,10.375,77.75,2.875,19.875,19.875,18.75,31.625,67.25,14.625,11.875,18.125,40.0,16.25,12.75,559.875
2020-12-27,72.625,4.5,20.25,58.875,50.25,9.875,77.0,4.125,20.25,16.875,17.75,32.5,70.0,13.75,11.5,19.25,42.875,15.875,11.875,570.0
2021-01-03,77.625,5.375,21.25,53.875,47.875,9.625,61.875,4.0,21.75,15.5,17.125,30.75,72.25,11.5,12.125,22.25,41.875,14.625,12.0,553.25
2021-01-10,85.0,6.125,24.125,56.875,49.125,9.875,60.0,3.875,21.875,17.75,18.125,34.25,74.0,9.5,14.875,23.375,43.5,15.875,11.75,579.875
2021-01-17,90.875,5.875,24.125,65.625,61.75,10.5,74.75,3.625,29.875,24.125,22.625,47.25,76.0,9.5,19.125,26.625,54.0,16.875,16.75,679.875
2021-01-24,89.625,5.875,23.25,63.625,56.25,5.125,78.375,3.875,29.125,24.0,20.625,46.875,78.5,10.0,17.25,25.625,51.625,15.5,16.5,661.625
2021-01-31,95.625,9.875,24.375,62.75,55.375,4.5,85.125,4.25,31.5,24.25,24.375,51.625,80.25,10.25,18.125,27.5,52.25,16.75,17.5,696.25
2021-02-07,100.5,11.125,24.625,57.25,58.5,4.75,81.5,4.625,30.75,25.0,24.25,54.75,77.75,9.5,19.375,26.75,51.75,16.0,16.625,695.375
2021-02-14,97.375,11.125,25.0,55.75,59.375,5.125,80.5,4.875,33.5,25.0,26.625,53.375,77.125,11.875,19.375,24.5,52.375,16.75,16.875,696.5
2021-02-21,104.75,11.625,25.5,53.625,59.875,5.0,84.5,3.875,33.625,27.25,28.125,53.125,73.375,11.25,20.5,22.75,50.25,17.125,18.0,704.125
2021-02-28,110.375,11.5,28.25,54.25,62.5,4.875,87.5,3.875,33.375,28.5,28.75,54.0,73.875,11.25,25.125,20.375,56.5,18.375,17.0,730.25
2021-03-07,100.875,11.625,27.5,51.5,62.75,5.625,89.125,3.5,33.125,27.25,28.125,53.5,70.125,11.125,23.625,20.375,56.875,17.875,17.0,711.5
2021-03-14,93.0,12.875,27.75,39.875,48.625,5.25,71.0,4.125,26.5,25.25,24.0,41.75,71.75,10.75,22.875,16.125,49.875,16.0,12.75,620.125
2021-03-21,95.25,13.875,27.375,38.875,50.375,5.0,74.0,4.125,25.75,26.375,24.5,45.875,69.875,10.5,34.0,17.625,54.375,17.0,14.375,649.125
2021-03-28,96.25,9.875,28.5,39.25,50.375,5.5,70.625,4.0,24.875,27.5,21.875,41.875,70.5,10.75,37.25,17.625,57.75,17.5,15.0,646.875
2021-04-04,99.75,11.625,29.75,40.875,51.125,6.0,74.375,4.5,27.0,28.5,22.25,42.125,74.25,11.25,37.0,18.25,60.5,19.125,15.875,674.125
2021-04-11,94.625,14.375,29.75,40.5,52.875,6.125,76.75,4.25,27.625,27.625,22.0,46.25,68.375,8.75,37.375,18.625,64.875,19.5,17.25,677.5
2021-04-18,84.0,14.0,30.625,40.625,56.75,7.75,74.625,4.5,30.75,27.375,20.0,44.75,69.125,9.375,36.875,18.875,67.5,22.625,16.0,676.125
2021-04-25,74.875,14.125,34.25,44.75,59.375,8.375,75.625,5.625,31.5,26.25,21.625,48.75,75.25,9.875,32.25,17.5,63.0,29.0,17.25,689.25
2021-05-02,71.625,14.0,34.375,49.75,60.125,8.375,75.625,5.625,33.625,27.125,22.125,56.75,79.0,10.125,31.25,17.25,60.25,27.625,18.875,703.5
2021-05-09,74.125,14.5,36.625,51.5,62.75,9.0,79.0,5.5,35.625,21.625,25.25,58.5,79.375,9.25,29.375,16.5,60.0,26.5,18.625,713.625
2021-05-16,67.25,14.0,37.375,49.75,59.5,9.5,71.125,5.375,35.25,19.0,23.625,53.875,74.875,8.75,18.125,14.5,52.625,24.875,17.25,656.625
2021-05-23,64.75,15.875,39.5,52.875,61.75,10.875,77.25,5.0,35.625,18.25,23.875,57.0,85.25,8.75,19.625,14.0,51.5,23.625,15.625,681.0
2021-05-30,56.25,13.5,40.75,52.125,59.0,11.75,77.625,3.875,35.75,16.875,23.0,53.5,89.375,7.75,21.625,13.625,51.125,23.0,14.75,665.25
2021-06-06,56.0,12.875,43.0,51.5,61.0,12.375,79.0,3.75,32.5,17.5,22.0,54.0,94.875,7.25,22.375,14.0,49.625,22.625,13.625,669.875
2021-06-13,62.5,14.625,45.875,51.625,60.75,11.625,80.625,3.75,28.625,16.625,24.625,55.125,98.125,7.75,24.75,12.25,49.625,20.75,14.625,684.25
2021-06-20,70.375,15.75,43.0,47.625,64.75,13.875,86.125,2.625,26.375,16.875,38.625,55.625,95.5,7.125,28.25,12.5,50.125,13.875,15.625,704.625
2021-06-27,75.875,16.375,49.75,41.125,62.375,14.5,85.75,3.875,23.875,17.125,49.25,54.125,94.875,7.125,32.125,10.5,51.875,15.25,14.875,720.625
2021-07-04,80.25,16.375,47.5,38.875,61.75,15.0,89.625,3.375,24.75,19.75,48.875,57.75,94.5,7.625,34.125,11.0,52.125,17.625,15.25,736.125
2021-07-11,87.375,19.5,49.0,39.75,69.0,16.875,97.375,3.5,27.0,21.625,50.625,64.625,98.125,9.125,38.5,12.125,57.125,19.375,15.5,796.125
2021-07-18,96.5,20.375,49.375,36.5,70.125,16.875,95.125,4.625,28.125,23.375,58.5,66.0,91.625,10.25,36.5,13.0,59.75,20.125,15.875,812.625
2021-07-25,91.875,19.875,45.125,32.25,63.875,15.375,84.75,4.625,24.875,21.625,56.75,63.25,81.25,9.5,32.125,11.5,54.0,17.875,15.125,745.625
2021-08-01,97.125,18.75,40.125,29.75,61.375,17.125,78.0,5.0,25.5,21.875,57.0,62.125,92.5,10.5,32.75,11.125,49.375,16.875,16.875,743.75
2021-08-08,101.125,17.125,35.625,27.875,63.125,18.25,74.5,4.875,27.25,22.625,56.75,60.5,96.875,9.25,33.875,11.625,48.0,15.875,17.5,742.625
2021-08-15,93.75,17.625,33.25,26.5,55.5,17.25,69.75,5.375,39.5,24.375,41.75,54.875,97.5,9.0,32.875,12.0,45.75,14.5,15.875,707.0
2021-08-22,94.0,19.0,31.125,24.625,56.5,18.125,69.125,5.375,39.875,32.375,30.5,48.375,104.625,8.25,29.375,13.125,44.875,14.25,15.0,698.5
2021-08-29,93.375,19.625,30.25,22.375,62.75,19.125,64.875,8.375,38.25,42.0,31.0,43.25,102.5,7.375,28.25,14.0,43.75,18.0,15.25,704.375
2021-09-05,92.875,20.0,28.375,22.25,60.875,19.25,65.75,13.0,38.0,45.875,31.5,38.5,109.5,6.75,24.625,13.25,41.5,18.125,15.0,705.0
2021-09-12,101.625,22.875,30.125,20.25,59.75,23.75,61.125,18.5,41.875,44.75,28.0,35.875,110.75,6.375,24.25,12.25,40.625,19.75,16.125,718.625
2021-09-19,112.0,27.25,37.0,20.375,67.25,29.75,70.75,19.5,43.375,50.0,31.875,40.0,120.75,7.5,26.25,13.25,45.75,22.75,16.625,802.0
2021-09-26,106.875,32.5,43.75,19.0,73.75,32.375,76.0,24.875,44.625,50.875,32.625,36.875,107.0,8.875,25.5,13.75,47.875,24.125,16.0,817.25
2021-10-03,100.875,37.0,44.625,17.5,70.625,35.0,76.875,27.0,42.625,51.125,32.375,40.125,99.125,9.25,22.375,15.25,48.625,26.875,14.375,811.625
2021-10-10,104.375,40.5,52.125,16.75,79.875,40.875,81.125,28.125,31.125,53.25,35.25,43.0,98.5,11.375,21.125,14.75,48.125,28.625,14.25,843.125
2021-10-17,104.625,42.625,50.5,16.0,80.875,46.75,88.25,29.625,31.75,45.875,39.5,47.0,90.875,12.125,21.0,13.625,47.5,28.0,15.0,851.5
2021-10-24,101.875,44.625,52.5,14.875,75.75,47.375,85.875,28.625,30.625,35.25,38.875,50.375,86.625,11.75,19.75,12.125,46.625,23.0,13.25,819.75
2021-10-31,112.375,45.875,57.0,13.375,76.375,54.25,83.0,24.75,30.75,30.875,40.625,50.75,81.875,28.25,20.625,13.375,46.0,25.75,13.375,849.25
2021-11-07,107.125,46.375,56.125,14.625,79.75,55.75,88.125,19.25,27.0,33.25,38.5,57.125,84.875,27.25,19.625,13.5,44.75,27.0,12.375,852.375
2021-11-14,113.125,46.75,53.75,14.625,83.125,61.75,87.75,21.0,29.875,32.125,37.875,59.75,85.25,26.375,20.5,13.0,43.125,30.125,13.875,873.75
2021-11-21,126.0,44.0,51.5,17.5,81.125,62.5,84.125,19.375,27.125,31.25,38.0,64.5,87.75,24.5,21.0,12.375,43.125,31.75,12.25,879.75
2021-11-28,152.125,43.5,51.875,20.75,84.0,62.375,89.375,18.5,28.375,37.875,37.375,66.25,93.875,24.25,21.875,11.25,49.25,29.5,13.125,935.5
2021-12-05,153.875,39.25,43.0,20.625,78.875,56.375,82.25,17.875,26.375,39.0,33.75,63.0,87.375,22.0,21.0,11.0,49.25,28.25,13.0,886.125
2021-12-12,160.5,37.75,40.25,33.25,85.25,59.125,75.375,16.125,30.375,44.875,29.5,59.125,92.5,21.125,22.625,11.125,51.625,29.25,13.75,913.5
2021-12-19,162.125,38.125,37.875,37.75,90.125,62.875,78.375,15.75,33.375,57.75,30.375,58.75,99.375,21.75,24.625,10.375,53.125,31.5,18.5,962.5
2021-12-26,155.875,35.75,33.0,38.125,95.5,59.375,78.375,15.75,33.25,63.25,30.25,59.625,101.0,6.375,25.375,8.375,55.125,30.5,18.125,943.0
2022-01-02,149.875,31.125,29.0,37.375,91.5,55.625,74.75,15.0,32.375,63.125,29.875,54.25,95.25,7.125,24.625,7.5,52.625,28.75,17.375,897.125
2022-01-09,146.25,27.375,25.0,38.375,87.625,46.25,70.125,12.875,30.375,77.0,28.375,49.5,88.875,7.5,23.75,7.75,52.25,24.25,16.125,859.625
2022-01-16,143.25,26.0,20.625,40.0,85.375,46.125,73.0,16.5,30.5,91.375,27.5,46.25,93.5,7.0,22.75,6.375,52.0,23.0,15.75,866.875
2022-01-23,119.875,23.375,18.875,40.0,81.875,50.0,67.25,17.375,29.5,90.75,27.375,43.375,92.75,8.75,21.875,5.5,46.125,23.0,17.125,824.75
2022-01-30,122.75,23.5,20.75,41.75,82.25,54.625,67.75,17.125,32.625,89.25,28.5,47.0,95.625,10.25,22.625,5.375,49.125,23.375,18.625,852.875
2022-02-06,121.0,24.625,22.0,29.5,79.0,50.375,67.75,16.5,27.625,85.25,32.25,48.625,96.25,10.5,21.125,5.875,44.875,26.5,18.25,827.875
2022-02-13,127.875,24.5,22.375,28.25,83.875,49.125,64.375,15.75,23.875,81.0,29.75,45.625,97.125,10.875,19.125,6.25,43.0,23.5,15.625,811.875
2022-02-20,135.125,25.0,21.75,28.0,76.875,50.25,63.0,15.125,23.75,89.375,31.125,45.25,97.75,9.75,19.5,6.625,43.0,20.875,17.5,819.625
2022-02-27,141.25,25.125,22.125,28.875,80.625,58.0,66.75,15.375,25.25,95.5,32.625,46.0,104.5,9.0,19.75,7.25,46.125,19.875,21.5,865.5
2022-03-06,148.25,28.625,24.625,28.75,83.625,68.75,71.25,15.625,25.0,85.625,36.875,47.625,112.75,9.25,19.625,7.875,60.25,21.25,21.5,917.125
2022-03-13,149.0,28.625,26.375,24.375,92.0,76.625,78.625,9.375,26.625,76.0,39.5,52.0,116.125,10.0,20.5,8.625,59.5,20.5,21.75,936.125
2022-03-20,160.25,30.0,29.5,22.25,94.5,75.875,88.75,9.125,28.375,72.5,44.375,52.875,122.0,10.25,21.5,9.125,58.75,20.75,19.75,970.5
2022-03-27,169.625,32.0,32.5,22.375,101.5,75.625,102.375,15.375,30.625,71.25,47.5,51.625,127.25,10.125,20.375,9.375,57.5,22.375,18.75,1018.125
2022-04-03,178.5,31.125,29.875,23.75,106.5,75.625,109.25,23.25,32.625,70.75,46.0,54.875,124.125,10.75,20.625,10.125,59.75,18.875,18.25,1044.625
2022-04-10,180.0,30.0,29.0,20.875,99.875,82.25,111.625,25.0,33.625,64.5,47.75,53.875,128.5,10.75,20.625,11.375,63.125,19.75,16.875,1049.375
2022-04-17,175.125,28.875,29.5,22.75,109.125,83.25,113.25,25.25,33.0,52.5,46.875,60.25,129.125,12.0,19.25,10.75,65.5,20.625,16.125,1053.125
2022-04-24,169.75,30.125,29.75,24.0,114.125,81.625,121.0,26.5,33.625,49.0,45.875,59.875,128.25,12.875,22.625,9.875,67.625,22.875,13.375,1062.75
2022-05-01,170.875,28.375,31.0,28.125,117.0,76.5,126.0,32.875,37.0,47.75,45.25,62.625,125.75,13.75,26.25,10.0,57.5,21.625,15.5,1073.75
2022-05-08,152.25,25.75,27.625,26.75,101.5,62.5,108.5,31.0,33.125,40.375,39.75,52.625,108.125,12.625,23.125,8.75,52.125,20.0,14.625,941.125
2022-05-15,153.375,26.875,27.125,26.375,114.125,62.625,105.5,30.25,33.125,41.875,35.25,53.5,101.375,11.375,23.75,9.125,53.125,21.0,14.375,944.125
2022-05-22,151.125,26.0,22.375,25.375,126.625,59.375,102.125,25.125,28.25,41.25,32.875,56.0,99.125,13.125,24.75,9.875,58.0,24.125,14.25,939.75
2022-05-29,160.125,25.625,24.625,24.875,128.0,70.625,100.25,26.25,30.75,46.25,35.125,57.875,98.625,15.5,31.25,9.25,64.0,23.125,14.125,986.25
2022-06-05,155.625,24.625,24.875,26.25,132.375,72.5,106.25,33.75,31.5,52.25,36.75,64.875,95.875,16.75,34.25,10.5,67.75,21.75,18.125,1026.625
2022-06-12,156.375,25.25,26.0,26.0,145.875,75.75,109.0,36.625,30.625,57.0,38.125,61.5,103.625,15.875,34.75,11.75,68.125,23.125,19.0,1064.375
2022-06-19,164.25,24.0,25.375,23.375,152.625,77.75,109.625,40.25,31.5,57.375,38.75,62.375,103.5,17.875,33.5,12.875,68.25,22.25,19.875,1085.375
2022-06-26,156.625,24.875,23.75,19.5,165.375,77.625,108.625,36.75,28.875,59.625,39.25,65.625,103.875,18.875,30.625,11.875,69.25,23.5,19.25,1083.75
2022-07-03,184.125,29.5,27.75,23.125,190.625,88.625,126.5,40.25,34.375,75.0,43.75,75.0,113.625,21.625,34.25,14.0,78.0,25.875,22.5,1248.5
2022-07-10,194.5,28.0,28.0,24.125,182.875,89.0,131.25,39.875,35.0,76.625,44.25,75.125,114.5,21.625,33.125,15.625,78.125,25.5,23.875,1261.0
2022-07-17,181.625,27.0,28.875,24.0,194.0,91.0,126.875,38.0,35.875,83.5,41.25,71.0,110.625,20.0,32.25,14.875,72.0,20.5,23.625,1236.875
2022-07-24,169.5,28.125,30.75,30.75,190.625,85.75,129.25,31.0,32.125,81.0,50.5,68.625,111.375,18.25,25.75,14.875,71.375,25.25,25.5,1220.375
2022-07-31,173.25,32.125,34.125,36.0,189.875,85.0,129.625,23.125,31.75,85.625,48.625,64.25,107.375,17.125,23.75,12.375,66.625,27.25,22.625,1210.5
2022-08-07,176.875,33.375,38.625,35.875,172.0,83.75,128.125,20.75,33.25,91.375,45.375,65.75,101.875,17.375,24.625,12.625,63.0,26.125,20.375,1191.125
2022-08-14,178.75,36.875,42.125,37.375,170.125,81.75,118.5,22.75,31.25,92.625,45.75,67.5,109.75,16.875,22.625,12.0,60.5,25.5,19.0,1191.625
2022-08-21,211.375,43.0,45.25,40.625,165.375,86.25,115.875,31.5,31.75,91.625,44.375,61.5,126.875,18.375,21.75,12.375,58.0,23.625,18.75,1248.25
2022-08-28,212.625,41.75,46.75,40.25,157.75,86.875,116.0,35.875,29.625,86.75,50.625,57.625,140.125,16.375,20.0,11.875,60.75,23.75,17.5,1252.875
2022-09-04,213.625,43.625,45.375,39.0,153.75,89.5,116.25,39.625,27.875,89.25,52.75,57.375,150.75,17.375,19.125,10.875,61.25,23.625,18.125,1269.125
2022-09-11,243.75,42.875,45.875,39.375,125.875,95.875,117.5,43.25,30.875,88.25,56.25,60.375,163.875,17.75,19.625,11.625,62.125,26.0,18.5,1309.625
2022-09-18,243.875,41.875,44.0,32.0,121.875,86.75,115.125,45.5,31.625,98.125,47.625,56.875,167.125,21.125,20.5,11.5,60.375,24.125,17.0,1287.0
2022-09-25,257.5,38.5,42.125,25.625,117.5,77.625,108.875,47.0,33.625,89.625,49.25,56.125,172.125,21.25,20.375,15.625,57.625,25.75,18.75,1274.875
2022-10-02,257.75,36.125,37.75,24.5,115.0,81.0,112.375,49.5,34.75,82.375,53.875,51.875,171.25,22.25,18.375,20.25,62.375,24.625,19.875,1275.875
2022-10-09,254.75,32.125,35.375,22.625,106.0,79.875,124.25,43.25,35.75,80.125,57.75,51.25,166.375,20.5,18.625,21.125,75.25,25.625,21.75,1272.375
2022-10-16,227.0,23.75,30.375,19.375,94.25,71.375,121.75,33.375,35.25,78.375,58.875,52.125,159.375,19.0,17.875,28.25,82.625,26.625,21.375,1201.0
2022-10-23,229.625,24.0,27.375,17.5,85.25,63.5,122.25,28.0,36.875,77.5,53.375,53.25,158.0,20.5,18.0,41.375,93.625,28.0,21.5,1199.5
2022-10-30,218.375,20.625,25.625,17.625,85.0,59.125,120.25,25.0,38.0,79.125,49.875,51.375,158.75,20.625,21.125,51.0,101.125,28.75,21.75,1193.125
2022-11-06,211.25,22.125,28.625,19.625,86.75,82.75,125.5,22.125,36.375,91.375,51.125,53.25,171.125,24.375,22.375,53.625,126.875,33.375,21.25,1283.875
2022-11-13,213.375,22.75,30.25,18.875,91.125,85.375,127.0,18.75,36.625,84.0,46.75,52.125,177.125,25.25,22.875,55.25,146.875,32.75,21.875,1309.0
2022-11-20,198.0,22.875,33.0,18.625,93.125,88.25,135.5,16.75,34.875,89.375,56.0,56.875,176.5,26.125,23.75,59.375,159.625,34.75,19.625,1343.0
2022-11-27,196.25,24.375,37.875,18.625,94.75,79.875,132.875,15.5,36.625,89.375,56.0,59.5,184.25,24.75,25.25,54.375,165.375,40.375,19.5,1355.5
2022-12-04,195.125,25.625,36.5,18.375,92.5,73.75,122.125,15.875,38.375,90.5,49.75,59.5,175.125,25.875,25.125,60.375,152.875,40.875,19.25,1317.5
2022-12-11,194.5,28.125,42.625,17.625,91.75,81.125,135.5,14.375,38.125,92.375,47.0,61.375,171.0,27.75,26.5,53.25,152.75,43.5,20.25,1339.5
2022-12-18,186.25,26.625,49.0,18.875,96.0,83.0,140.625,12.875,39.75,87.625,46.75,61.75,187.875,27.5,27.125,42.125,142.375,43.375,21.25,1340.75
2022-12-25,180.375,27.25,53.625,17.875,98.0,85.375,154.0,23.0,38.75,79.75,55.0,67.75,183.875,26.875,24.25,33.875,137.25,45.25,27.875,1360.0
2023-01-01,179.625,27.75,51.625,16.625,95.0,65.875,148.0,28.75,40.0,63.625,52.375,66.875,184.625,22.625,24.625,39.875,119.875,40.125,48.25,1316.125
2023-01-08,185.875,25.25,49.375,18.0,94.625,63.125,145.0,27.75,38.875,73.875,50.875,66.625,182.125,18.375,22.5,40.125,102.0,40.25,49.625,1294.25
2023-01-15,191.375,23.75,47.75,20.5,98.875,74.375,138.25,27.625,38.625,66.0,39.5,61.75,191.0,18.25,21.5,32.75,95.625,36.875,50.375,1274.75
2023-01-22,194.625,22.125,54.75,38.125,100.5,92.75,144.5,26.5,35.75,63.25,41.625,57.375,191.0,18.0,20.75,32.5,84.625,33.875,52.25,1304.875
2023-01-29,200.0,22.75,63.5,52.875,103.5,108.875,144.75,26.5,32.875,60.5,43.125,58.875,201.75,17.125,19.875,25.125,91.125,41.0,50.625,1364.75
2023-02-05,207.25,21.875,61.375,62.0,106.75,111.375,137.25,26.125,33.125,57.375,46.0,57.5,201.75,14.75,19.0,24.375,87.125,42.0,49.75,1366.75
2023-02-12,212.125,21.625,60.75,77.875,103.625,119.625,130.25,26.625,30.875,58.625,48.125,58.625,200.125,17.625,20.25,22.0,82.875,42.375,49.25,1383.25
2023-02-19,207.125,21.75,60.375,89.25,102.25,129.0,114.75,16.0,30.125,58.375,42.25,58.625,212.625,20.625,20.625,19.625,83.625,43.5,40.75,1371.25
2023-02-26,199.75,19.75,61.625,101.625,102.5,123.25,118.25,10.25,28.625,60.375,45.125,54.75,207.625,24.375,20.625,11.375,77.5,43.75,21.625,1332.75
2023-03-05,189.125,21.0,63.25,109.625,104.125,143.75,124.75,12.25,30.25,46.5,50.5,57.375,239.0,28.875,22.625,10.875,73.625,53.5,22.0,1403.0
2023-03-12,190.375,22.0,64.875,109.125,98.25,134.125,130.0,11.625,31.25,49.25,54.625,61.25,247.75,28.375,22.5,9.375,72.125,59.125,23.0,1419.0
2023-03-19,197.5,24.25,55.5,93.875,97.375,137.5,131.375,15.25,33.375,54.875,50.875,68.75,298.625,30.125,23.0,8.75,78.5,61.125,22.5,1483.125
2023-03-26,191.5,25.75,50.75,84.75,99.75,138.125,132.5,15.5,33.5,58.125,53.0,67.875,328.0,34.625,25.25,10.625,75.0,54.375,25.0,1504.0
2023-04-02,196.375,26.5,49.375,89.0,98.875,154.75,135.25,16.625,34.25,60.25,54.25,69.875,338.0,37.25,26.75,11.5,74.25,53.25,26.625,1553.0
2023-04-09,188.5,32.125,44.875,78.25,101.375,158.0,133.25,18.625,32.125,62.625,52.0,69.25,337.5,36.0,26.375,10.75,74.125,50.875,26.25,1532.875
2023-04-16,191.0,36.5,42.5,69.125,103.5,153.75,133.125,19.5,34.875,68.5,53.5,62.75,340.375,36.875,27.625,11.25,72.375,48.25,27.0,1532.375
2023-04-23,181.375,38.0,41.625,57.625,101.125,152.625,127.75,20.125,33.375,68.0,50.0,62.125,338.875,34.125,26.625,10.125,69.375,47.0,26.5,1486.375
2023-04-30,181.625,41.25,40.75,56.125,99.25,142.875,124.5,18.75,33.0,68.25,45.875,63.625,337.75,33.75,26.375,8.625,72.375,37.0,25.625,1457.375
2023-05-07,181.25,43.25,39.5,63.0,104.75,140.875,128.75,21.25,33.75,70.875,45.875,69.125,335.875,36.125,27.125,9.875,72.625,34.625,26.0,1484.5
2023-05-14,172.25,45.375,39.75,67.25,113.875,122.75,122.25,20.125,35.5,69.625,48.375,67.5,296.0,36.375,27.5,10.5,71.375,34.25,25.875,1426.5
2023-05-21,177.25,49.125,40.625,68.5,113.875,111.625,131.25,22.125,37.125,70.125,44.75,74.375,288.875,34.5,25.75,10.5,71.625,36.125,24.0,1432.125
2023-05-28,165.75,47.875,45.75,64.25,118.875,90.5,130.125,25.875,39.25,70.875,43.5,77.75,300.375,32.875,25.375,9.5,71.375,35.875,24.375,1420.125
2023-06-04,165.375,44.25,48.5,64.75,124.625,100.625,132.75,24.5,42.875,77.375,44.375,87.125,294.375,33.375,25.125,18.25,72.0,40.625,26.625,1467.5
2023-06-11,166.625,42.375,49.375,74.375,127.25,108.375,137.0,27.0,43.75,78.875,43.5,102.5,285.625,30.75,24.125,18.5,72.75,41.125,28.25,1502.125
2023-06-18,164.875,43.125,50.875,83.5,135.875,113.875,145.25,28.125,46.375,82.125,49.875,121.25,291.25,34.75,23.875,19.375,79.125,43.5,30.875,1587.875
2023-06-25,164.625,43.75,57.0,88.125,151.625,114.5,151.625,28.375,49.875,87.5,56.5,142.125,284.25,33.25,23.125,21.25,78.625,45.875,31.875,1653.875
2023-07-02,146.375,42.25,54.5,79.25,142.625,116.75,136.0,25.875,48.125,86.375,51.375,134.625,264.0,30.5,20.125,26.125,74.5,40.125,29.5,1549.0
2023-07-09,144.25,45.5,54.125,77.5,134.0,119.75,133.0,25.375,48.875,86.5,48.125,141.375,263.75,32.125,17.75,26.75,72.375,37.0,30.75,1538.875
2023-07-16,142.625,46.375,52.5,75.375,135.75,129.75,124.75,25.375,50.625,89.25,49.625,145.5,258.375,32.125,18.625,27.25,72.125,38.5,30.375,1544.875
2023-07-23,144.0,52.125,49.75,72.25,130.25,140.25,119.375,21.875,50.5,92.5,51.625,153.125,247.0,33.0,17.375,33.125,68.625,37.125,28.75,1542.625
2023-07-30,143.625,62.0,50.0,68.125,122.5,128.25,113.75,21.75,51.0,105.0,51.375,156.25,242.0,31.125,17.375,27.625,68.875,34.5,28.25,1523.375
2023-08-06,142.375,71.75,53.75,59.0,122.75,117.5,105.75,19.25,49.875,107.125,50.125,157.75,243.625,33.0,16.375,32.25,67.5,35.375,26.5,1511.625
2023-08-13,159.625,80.25,53.125,55.0,117.25,112.5,98.125,30.875,50.875,105.375,48.375,151.625,235.875,34.875,16.125,32.625,63.125,34.0,24.625,1504.25
2023-08-20,185.625,78.125,46.875,49.75,103.25,106.875,90.375,32.25,50.0,101.375,44.75,143.0,228.375,43.25,16.125,32.125,60.625,32.875,22.5,1468.125
2023-08-27,220.75,79.5,46.875,53.25,108.875,109.5,96.0,36.875,56.5,106.25,48.125,150.75,248.0,52.125,18.375,28.125,63.375,35.375,24.125,1582.75
2023-09-03,230.5,75.625,46.375,51.875,105.0,109.125,101.625,37.75,53.75,117.25,48.625,145.625,246.125,57.375,19.375,27.875,60.875,37.5,22.625,1594.875
2023-09-10,226.625,69.125,46.125,49.875,99.875,99.25,97.25,36.25,51.375,112.5,47.875,135.75,238.625,62.625,16.875,29.625,56.25,34.875,22.375,1533.125
2023-09-17,249.875,78.375,53.5,61.0,115.0,100.5,107.875,37.625,55.5,119.125,50.25,141.25,296.875,73.125,18.0,31.375,59.875,43.25,23.5,1715.875
2023-09-24,261.5,73.75,57.5,61.375,115.0,94.75,114.125,39.5,56.125,102.125,55.0,135.875,318.0,77.25,17.0,31.25,58.375,45.125,22.25,1735.875
2023-10-01,270.5,69.375,54.0,69.625,115.375,93.0,114.75,41.5,57.75,97.5,58.875,129.75,344.75,76.375,17.625,54.625,58.125,49.625,24.0,1797.125
2023-10-08,259.125,67.125,54.375,64.625,116.25,89.375,111.875,30.125,57.25,96.625,60.0,122.5,377.5,75.0,17.375,55.125,57.625,52.25,24.75,1788.875
2023-10-15,234.0,71.625,55.875,61.875,115.25,87.0,110.125,30.125,56.375,98.75,59.375,112.875,386.75,67.25,17.375,56.375,55.625,53.25,25.375,1755.25
2023-10-22,216.0,72.25,57.25,65.75,116.25,81.875,112.25,27.125,52.875,91.875,60.75,109.875,401.125,66.625,16.625,55.25,53.125,54.125,26.125,1737.125
2023-10-29,209.25,76.5,58.25,64.25,122.5,76.75,111.0,25.375,56.375,81.0,61.25,108.125,412.0,65.75,18.25,55.5,53.125,55.625,26.625,1737.5
2023-11-05,217.5,82.5,58.75,68.25,130.625,77.375,116.625,27.125,59.375,85.5,63.0,107.875,425.125,62.75,21.5,52.0,57.625,54.75,28.0,1796.25
2023-11-12,204.75,70.375,50.625,56.375,124.875,61.875,109.375,36.5,57.875,76.125,58.125,96.0,366.25,52.5,23.25,46.875,52.25,46.375,27.625,1618.0
2023-11-19,195.375,68.75,46.25,58.5,131.0,58.125,104.75,42.875,61.875,74.5,53.25,91.75,362.625,50.875,24.5,44.625,53.0,46.125,29.0,1597.75
2023-11-26,191.5,63.5,50.25,51.75,132.5,54.375,113.75,45.375,62.25,78.25,49.375,86.625,355.375,56.25,23.5,17.375,53.25,40.25,26.875,1552.375
2023-12-03,206.375,59.625,62.375,52.375,139.375,55.75,118.375,48.625,63.0,77.875,50.375,92.25,338.0,55.0,24.75,16.625,55.25,38.25,26.125,1580.375
2023-12-10,224.125,54.0,65.75,50.625,134.5,52.375,117.25,47.125,62.5,75.0,52.25,91.875,313.5,53.125,24.75,13.75,55.125,37.625,26.25,1551.5
2023-12-17,242.25,53.5,67.75,48.125,138.5,53.625,122.625,48.125,63.25,75.25,52.5,95.375,314.5,47.875,28.0,14.625,56.625,39.125,24.875,1586.5
2023-12-24,258.375,50.0,70.625,54.25,140.625,54.0,121.75,52.5,61.5,73.5,53.0,97.375,331.0,42.125,27.375,14.0,75.125,38.625,24.25,1640.0
2023-12-31,253.75,47.75,72.75,53.125,135.375,48.625,117.25,52.25,58.0,68.75,54.375,99.625,335.875,39.75,25.625,13.75,71.875,38.0,23.5,1610.0
2024-01-07,231.875,45.375,69.0,49.875,121.75,45.25,107.25,41.625,52.5,64.375,51.625,90.375,332.125,37.75,23.125,11.5,70.5,38.25,22.75,1506.875
2024-01-14,235.125,43.25,66.25,50.5,114.625,46.375,105.125,34.25,44.75,64.625,58.125,94.5,318.0,35.375,21.875,11.25,67.625,40.625,21.375,1473.625
2024-01-21,258.375,46.0,72.25,52.75,116.375,47.25,98.0,29.75,40.5,60.875,60.75,97.0,311.125,33.25,23.625,10.25,67.375,42.625,22.625,1490.75
2024-01-28,255.5,58.25,60.625,62.375,110.5,46.0,96.25,26.875,41.125,65.5,62.25,99.25,338.875,32.25,22.125,10.25,67.0,43.625,22.625,1521.25
2024-02-04,250.125,62.5,58.875,69.25,113.875,56.125,97.125,29.125,44.375,67.0,61.0,98.0,384.625,35.625,21.875,12.75,66.375,45.875,21.5,1596.0
2024-02-11,229.125,69.375,58.0,80.5,110.75,63.375,89.875,29.0,43.375,71.625,62.375,96.375,369.75,34.5,20.0,18.0,65.0,47.5,21.0,1579.5
2024-02-18,215.875,73.875,53.875,82.75,105.25,69.0,91.0,25.625,40.375,80.625,59.25,89.25,349.125,35.125,19.25,22.5,46.625,46.625,20.125,1526.125
2024-02-25,229.375,75.0,53.625,86.875,108.0,75.125,93.875,25.625,43.875,87.75,58.125,94.75,347.375,38.25,19.75,38.25,47.875,48.875,19.875,1592.25
2024-03-03,245.25,88.0,64.125,94.625,116.625,81.75,101.625,27.5,56.625,96.625,62.0,104.25,365.375,41.125,19.875,41.5,50.625,52.375,20.75,1730.625
2024-03-10,253.0,98.0,76.125,101.0,122.875,85.75,104.125,27.375,70.25,97.25,59.125,106.25,385.125,42.375,21.125,68.125,49.375,51.5,21.25,1840.0
2024-03-17,236.625,97.5,68.25,103.375,115.625,88.75,102.875,39.875,81.75,97.75,58.375,104.5,398.75,43.5,19.875,71.75,50.625,51.375,20.375,1851.5
2024-03-24,236.75,87.0,70.0,104.75,114.875,92.0,104.875,42.125,89.75,99.25,53.875,98.25,368.125,42.75,22.125,72.375,49.375,52.125,19.5,1819.875
2024-03-31,235.125,88.25,68.25,97.875,116.625,88.0,111.5,41.125,97.625,100.875,53.75,96.25,348.5,39.375,22.125,71.375,49.0,51.75,21.5,1798.875
2024-04-07,242.375,84.75,68.125,97.5,116.625,81.25,116.0,40.375,109.625,96.875,53.125,90.25,353.375,40.25,22.125,65.25,51.5,49.375,22.625,1801.375
2024-04-14,223.625,74.0,63.0,86.375,105.625,69.625,103.625,37.0,111.5,81.125,50.25,85.375,320.375,36.875,20.25,59.375,47.125,45.125,20.875,1641.125
2024-04-21,208.625,71.25,58.125,82.875,99.125,64.5,98.625,33.875,107.625,72.625,47.125,73.0,332.125,35.25,19.25,43.0,44.375,46.5,19.875,1557.75
2024-04-28,214.125,63.875,52.875,83.0,95.5,70.625,104.25,36.375,107.75,71.625,50.125,71.75,371.25,35.625,21.625,41.125,47.25,46.625,20.0,1605.375
2024-05-05,208.125,59.0,45.125,81.875,91.0,73.5,114.25,39.375,100.875,71.0,51.125,68.375,388.5,36.5,23.0,14.5,53.25,44.125,20.875,1584.375
2024-05-12,212.125,63.375,45.375,83.875,95.0,72.375,116.875,30.125,100.875,72.5,50.625,66.375,392.375,35.0,23.625,11.25,55.125,44.125,23.25,1594.25
2024-05-19,207.875,67.0,44.75,75.125,95.875,71.75,127.375,30.5,96.0,66.375,50.125,69.75,392.125,38.75,24.0,11.625,57.375,44.75,26.125,1597.25
2024-05-26,199.5,70.375,44.625,82.0,92.625,68.5,144.25,32.25,95.875,66.375,50.875,78.75,396.75,43.75,24.75,11.125,64.875,44.625,26.0,1637.875
2024-06-02,203.75,73.125,44.125,81.0,93.875,67.25,156.75,33.75,93.125,72.375,47.25,84.375,405.375,45.5,24.25,14.25,66.125,45.375,27.625,1679.25
2024-06-09,230.25,87.875,49.625,94.625,108.625,74.25,177.5,43.625,100.75,85.25,54.375,97.125,435.375,52.25,26.0,16.375,74.75,51.0,29.75,1889.375
2024-06-16,249.5,105.0,54.625,101.375,116.875,92.875,188.5,52.625,117.0,93.0,58.0,108.875,439.125,60.25,27.25,19.5,79.0,54.0,34.0,2051.375
2024-06-23,235.0,105.0,49.625,93.5,108.0,86.625,177.75,50.25,107.125,85.125,49.75,101.75,377.875,59.625,24.25,19.125,74.875,50.0,32.75,1888.0
2024-06-30,233.5,113.125,46.375,90.125,108.875,82.75,171.75,47.0,110.875,87.625,46.5,101.25,349.375,64.375,22.875,19.375,71.5,49.625,32.375,1849.25
2024-07-07,222.375,115.75,45.75,88.25,107.25,84.375,177.25,46.375,109.0,95.75,47.25,111.5,326.25,66.625,22.75,20.125,77.25,49.0,33.375,1846.25
2024-07-14,216.25,117.625,43.375,88.125,104.5,88.875,168.375,45.875,112.375,102.625,46.0,105.625,325.0,65.125,22.75,19.375,76.0,49.5,32.5,1829.875
2024-07-21,235.375,119.75,41.875,87.5,105.75,103.125,151.25,51.0,111.25,112.375,43.125,99.5,325.0,64.25,22.0,20.375,74.875,53.375,31.125,1852.875
2024-07-28,230.375,133.875,41.625,89.75,100.875,135.25,139.625,53.75,109.25,117.375,43.5,99.625,332.625,64.75,22.75,18.125,70.75,53.625,30.0,1887.5
2024-08-04,226.5,135.75,41.125,86.375,95.125,144.75,135.375,57.125,107.5,131.625,39.625,101.125,339.25,64.125,24.125,18.125,67.5,53.5,30.875,1899.5
2024-08-11,207.125,136.125,39.875,77.375,89.875,137.625,139.25,60.0,112.375,138.5,40.375,98.875,321.125,56.875,24.5,16.5,64.75,52.375,28.375,1841.875
2024-08-18,206.75,140.875,43.25,82.5,97.125,150.75,157.75,63.0,119.0,149.5,43.875,109.0,349.625,56.75,25.25,16.125,63.5,59.375,28.875,1962.875
2024-08-25,202.0,128.875,43.125,83.0,107.625,152.75,157.5,66.625,115.125,152.75,44.0,108.75,356.875,52.625,25.0,16.5,64.375,61.625,30.75,1969.875
2024-09-01,202.625,125.625,40.25,81.0,117.25,152.0,153.125,71.125,112.75,148.125,46.5,103.5,374.125,48.625,25.875,15.25,52.5,65.0,28.375,1963.625
2024-09-08,209.125,129.125,42.0,85.0,127.0,159.125,161.75,76.875,114.625,152.375,48.375,107.625,383.125,48.375,24.5,15.75,49.125,64.75,28.5,2027.125
2024-09-15,188.375,130.75,44.5,81.5,128.0,152.25,163.0,73.75,113.125,147.875,51.375,111.5,379.375,47.25,24.0,14.625,47.625,61.75,29.25,1989.875
2024-09-22,183.375,143.25,45.0,73.625,127.625,129.5,162.75,69.625,110.625,146.75,51.25,109.375,379.625,48.5,23.125,15.25,47.75,60.125,28.75,1955.875
2024-09-29,178.125,195.25,48.0,71.875,131.625,143.0,160.0,60.875,107.875,138.125,52.625,114.0,410.375,47.375,23.5,15.375,48.125,61.125,29.375,2036.625
2024-10-06,183.125,227.75,50.875,75.0,136.625,143.625,157.125,54.625,95.75,133.5,52.625,115.875,434.75,50.5,23.375,15.875,47.125,59.875,30.375,2088.375
2024-10-13,200.75,248.625,52.125,75.625,143.375,131.0,153.375,50.875,89.625,132.125,55.25,117.75,445.875,53.25,23.5,16.25,54.5,58.125,30.625,2132.625
2024-10-20,205.25,270.125,54.375,74.875,133.5,126.625,154.375,49.125,88.125,133.125,55.375,121.5,461.0,56.375,22.375,16.25,53.125,55.75,29.0,2160.25
2024-10-27,207.25,273.25,56.0,76.75,122.75,125.375,155.0,49.0,87.875,132.625,51.25,123.5,455.0,63.625,23.625,17.625,55.75,56.0,28.375,2160.625
2024-11-03,227.375,267.125,56.625,75.25,116.75,115.5,147.375,41.375,83.0,127.75,51.0,122.125,457.75,72.0,23.125,16.25,62.625,63.0,27.625,2153.625
2024-11-10,231.625,262.5,57.375,80.0,118.125,107.5,147.875,38.375,81.5,127.5,48.75,120.375,465.875,78.375,24.25,15.75,59.25,66.375,27.875,2159.25
2024-11-17,236.0,237.625,60.625,79.25,122.0,97.125,156.0,41.25,81.5,118.375,48.375,125.25,490.0,90.375,24.875,15.75,59.125,72.0,27.75,2183.25
2024-11-24,239.625,181.5,58.75,81.0,124.625,75.125,162.75,41.0,83.0,112.0,50.625,118.875,469.625,105.875,25.0,15.125,59.75,74.0,25.75,2104.0
2024-12-01,236.5,142.375,58.875,80.75,123.125,64.125,166.625,37.375,79.5,108.125,48.625,113.5,457.625,124.625,24.75,14.5,62.25,72.875,25.5,2041.625
2024-12-08,215.375,124.5,55.625,75.5,114.75,62.125,156.75,36.0,75.375,100.375,43.5,102.25,426.25,132.875,23.875,14.0,56.5,68.75,23.5,1907.875
2024-12-15,210.875,110.25,57.125,77.0,116.125,67.75,162.25,35.5,76.25,100.25,42.75,99.75,427.5,142.625,25.0,14.0,58.0,71.0,22.125,1916.125
2024-12-22,213.875,112.125,58.375,77.25,117.625,70.25,164.5,31.125,77.875,106.25,43.5,95.375,432.875,133.875,22.75,13.375,60.125,74.5,23.875,1929.5
2024-12-29,220.375,119.875,55.625,80.25,116.0,66.25,162.125,31.0,75.875,103.875,43.0,100.0,447.375,122.375,22.25,12.875,55.875,70.75,22.875,1928.625
2025-01-05,258.5,114.0,51.375,72.5,108.75,63.5,152.5,30.5,65.875,97.375,40.0,94.125,443.75,112.5,20.875,12.875,52.125,65.625,21.0,1877.75
2025-01-12,251.0,122.375,49.25,66.25,111.125,63.375,142.5,28.75,60.875,104.25,38.625,90.875,389.625,97.375,19.5,12.25,50.875,63.25,19.25,1781.375
2025-01-19,244.75,131.25,49.25,61.25,107.5,62.5,136.0,26.625,59.875,106.5,34.5,92.875,369.125,79.75,18.25,12.5,47.5,65.75,21.125,1726.875
2025-01-26,241.375,142.125,45.625,64.875,105.125,63.25,129.0,27.0,59.875,111.0,37.375,101.25,356.375,58.125,19.375,13.375,49.875,68.75,21.5,1715.25
2025-02-02,248.875,150.75,48.75,69.375,108.75,62.25,132.75,28.75,64.125,123.0,40.25,107.25,369.375,58.75,21.75,14.5,52.375,72.375,24.375,1798.375
2025-02-09,263.0,167.25,45.875,69.75,109.375,62.0,125.875,27.25,63.625,121.5,39.875,106.0,349.5,45.125,20.375,15.25,50.0,73.625,25.5,1780.75
2025-02-16,257.75,171.0,45.625,69.375,109.0,62.0,128.0,27.25,60.125,116.125,46.0,106.375,346.625,47.625,20.875,16.0,47.125,74.625,24.625,1776.125
2025-02-23,229.0,165.75,47.875,62.75,110.25,62.375,130.5,29.375,57.875,114.875,49.0,107.5,323.375,49.875,20.75,17.125,48.0,82.0,25.375,1733.625
2025-03-02,188.0,168.875,51.0,71.25,122.25,68.0,145.875,31.125,64.875,118.5,59.5,118.125,331.5,56.0,24.375,18.625,51.75,95.375,28.5,1813.5
2025-03-09,194.625,158.25,50.25,78.125,120.375,67.5,154.75,32.125,72.875,112.0,62.875,112.75,362.75,56.75,25.875,18.25,54.625,103.5,30.625,1868.875
2025-03-16,203.875,151.5,48.75,79.25,120.75,67.125,162.5,34.25,73.625,111.625,67.25,112.625,376.75,57.875,24.75,17.25,55.375,100.125,29.875,1895.125
2025-03-23,209.375,132.125,50.375,74.375,121.125,65.875,174.625,36.75,76.375,112.5,66.25,107.625,381.625,57.25,24.625,16.0,53.875,103.5,28.75,1893.0
2025-03-30,228.25,116.5,49.125,71.375,126.75,67.25,176.875,37.0,83.125,110.25,68.75,110.0,391.25,46.875,23.25,15.875,53.625,106.375,28.25,1910.75
2025-04-06,221.0,88.375,45.25,64.375,120.0,57.625,166.25,38.0,81.125,101.75,65.75,103.625,378.0,45.75,23.25,14.125,50.375,103.375,25.625,1793.625
2025-04-13,224.625,79.0,48.0,63.25,119.625,53.5,166.125,40.625,85.0,105.125,60.125,103.75,381.0,46.375,24.125,12.5,53.125,106.625,25.625,1798.125
2025-04-20,242.125,75.375,46.75,64.75,117.5,56.375,183.375,44.25,89.625,114.0,58.25,96.0,410.125,56.875,25.5,13.0,55.0,102.25,25.125,1876.25
2025-04-27,247.0,77.25,47.75,62.375,117.125,58.875,180.375,44.625,87.875,117.0,52.375,88.75,412.75,56.75,23.375,11.75,56.5,95.25,23.375,1861.125
2025-05-04,254.75,76.25,53.375,60.875,117.875,74.25,178.25,50.125,81.625,122.625,50.375,92.875,421.125,64.0,23.75,13.125,58.375,92.75,24.0,1910.375
2025-05-11,252.25,72.25,55.125,62.5,117.0,82.75,167.375,52.625,80.25,122.75,48.25,94.375,430.0,75.5,24.625,14.375,59.625,97.0,24.5,1933.125
2025-05-18,263.0,73.25,58.125,65.625,115.125,97.125,163.75,51.75,76.625,120.25,49.25,93.875,452.0,81.0,23.125,15.875,55.875,99.75,26.375,1981.75
2025-05-25,252.75,73.25,59.75,74.0,110.75,108.125,159.125,52.25,71.625,117.5,49.25,92.25,472.125,86.125,23.25,16.625,56.5,99.375,27.0,2001.625
2025-06-01,258.25,83.375,70.5,82.25,118.125,122.75,174.25,55.125,73.5,126.25,55.25,104.125,504.625,100.75,23.875,18.75,62.75,108.5,30.25,2173.25
2025-06-08,258.0,82.375,69.625,81.875,113.875,124.5,168.375,51.875,70.0,118.625,53.625,102.0,508.5,103.375,21.875,19.375,62.75,102.375,30.625,2143.625
2025-06-15,239.5,81.0,69.75,83.125,110.375,123.25,146.5,49.375,69.875,109.125,50.5,104.125,495.25,98.25,20.125,18.375,60.25,100.625,30.875,2060.25
2025-06-22,246.125,85.0,69.375,80.375,109.125,133.125,138.375,49.375,73.75,107.75,50.125,111.375,484.375,103.375,19.625,20.75,58.75,109.625,32.0,2082.375
2025-06-29,239.25,85.375,65.375,80.875,110.25,133.625,131.875,44.125,80.25,108.875,50.375,113.875,474.875,102.375,18.5,20.625,57.375,113.75,30.875,2062.5
2025-07-06,247.25,83.875,64.125,81.125,112.5,131.0,133.5,42.25,82.25,111.375,50.75,111.625,468.375,99.5,18.125,20.125,62.25,114.875,30.0,2064.875
2025-07-13,243.375,88.625,60.75,82.875,110.25,125.25,125.625,43.625,82.5,114.75,49.375,110.625,459.5,99.0,17.375,18.25,63.875,109.875,30.0,2035.5
2025-07-20,258.5,85.25,58.875,76.75,105.375,113.375,122.875,43.75,80.75,114.625,46.625,106.125,429.625,98.125,16.875,15.75,60.125,107.0,29.375,1969.75
2025-07-27,276.125,82.75,52.375,74.5,102.75,108.0,116.875,44.625,80.25,113.0,44.625,103.5,457.375,98.25,16.875,15.75,58.375,104.5,27.875,1978.375
2025-08-03,283.625,83.375,49.5,76.375,102.875,117.75,113.5,47.125,81.125,114.875,47.0,102.5,455.75,100.75,17.375,16.125,53.75,103.125,25.625,1992.125
2025-08-10,287.0,83.75,49.25,78.625,105.125,127.0,114.125,49.875,79.875,121.25,48.625,105.125,454.5,99.875,18.125,18.125,52.375,117.875,24.375,2034.875
2025-08-17,312.5,80.125,46.875,83.25,101.125,114.125,112.0,53.375,83.5,121.0,49.375,98.625,472.125,100.375,17.875,18.125,51.25,107.25,24.625,2047.5
2025-08-24,357.625,76.0,43.25,86.875,93.625,102.875,109.375,57.125,81.0,118.375,49.375,93.5,475.125,103.25,19.375,18.375,49.125,101.375,24.625,2060.25
2025-08-31,364.75,74.375,43.75,93.25,93.75,100.875,104.875,60.375,86.25,119.5,49.625,91.875,472.0,102.625,20.25,18.875,42.0,101.25,24.125,2064.375
2025-09-07,374.375,73.75,41.5,94.75,94.625,100.375,99.125,64.875,87.625,115.5,51.25,90.625,462.875,103.125,21.25,20.625,44.625,100.75,22.5,2064.125
2025-09-14,364.625,74.25,40.125,96.625,95.875,105.75,100.125,67.125,88.0,114.125,50.875,93.0,474.75,99.25,21.375,23.25,46.375,102.625,21.375,2079.5
2025-09-21,357.75,71.5,42.25,97.875,93.75,108.5,98.5,70.25,91.25,112.25,49.625,88.375,460.375,96.375,22.25,23.875,47.625,105.625,22.0,2060.0
2025-09-28,379.625,70.0,47.875,98.5,94.375,104.375,99.75,75.75,95.625,112.25,49.875,90.375,482.25,100.625,22.625,25.125,51.0,116.0,22.875,2138.875
